time,open,high,low,close,Volume,Volume MA
440692200,107.06,112.84999,107.06,111.45999,NaN,NaN
441297000,111.45999,113.01999,110.68999,111.81999,NaN,NaN
441901800,111.7,112.42999,107.62999,107.78999,NaN,NaN
442506600,107.71999,108.59,103.59999,106.79999,NaN,NaN
443111400,106.70999,109.26999,104.75999,108.59,NaN,NaN
443716200,108.53999,112,105.37,109.96999,NaN,NaN
444321000,109.96999,120.01999,106.56999,117.46999,NaN,NaN
444925800,117.23999,117.23999,110.15999,111.95,NaN,NaN
445530600,111.95,120.10999,109.39,120.10999,NaN,NaN
446135400,120.34,131.23,120.34,127,NaN,NaN
446740200,127,130.84999,124.17,129.81999,NaN,NaN
447345000,130.87,135.87999,130.56999,132.39999,NaN,NaN
447949800,132.39999,132.56,125.53999,126.96999,NaN,NaN
448554600,126.96999,128.70999,123.06999,124.48,NaN,NaN
449159400,124.48,130.46999,124.21999,127.95999,NaN,NaN
449764200,127.81999,127.81999,121.89,122.82999,NaN,NaN
450369000,122.82999,123.84999,117.23999,118.87999,NaN,NaN
450973800,118.64999,124.68999,116.98,121.93999,NaN,NaN
451578600,121.93999,123.65999,117.23999,117.5,NaN,NaN
452179800,117.46999,118.12999,115.31,116.2,NaN,NaN
452784600,115.96999,115.96999,109.81,111.31,NaN,NaN
453389400,111.31,116.75,110.95999,113.95,NaN,NaN
453994200,114.09,115.65999,108,113.35999,NaN,NaN
454599000,113.35999,118.14999,110.29999,116.45999,NaN,NaN
455203800,116.45999,118.92999,112.89,113.42999,NaN,NaN
455808600,113.21999,113.21999,110.06999,110.45,NaN,NaN
456413400,106.34,107.95999,104.06,106.40999,NaN,NaN
457018200,106.12,106.12,100.67,102.07999,NaN,NaN
457623000,102.03999,102.03999,84.79999,88.76999,NaN,NaN
458227800,88.76999,92.59,85.17,88.87999,NaN,NaN
458832600,88.87999,90.5,82.67999,82.95999,NaN,NaN
459437400,82.73,83.78999,78.98999,83.14999,NaN,NaN
460042200,83.14999,96.06999,81.00999,96.06999,NaN,NaN
460647000,96.06999,96.06999,89.37999,92.40999,NaN,NaN
461251800,92.40999,96.51999,91.39999,96.06999,NaN,NaN
461856600,95.73999,95.73999,90.95,93.45999,NaN,NaN
462461400,93.28,93.95999,91.34999,93.50999,NaN,NaN
463066200,93.45999,93.45999,89.18999,89.42,NaN,NaN
463671000,89.53999,92.68999,89.53999,91.93999,NaN,NaN
464275800,91.71999,99.40999,89.89,98.60999,NaN,NaN
464880600,98.60999,99.5,95.43999,97.59999,NaN,NaN
465485400,97.54999,100.53,94.39999,95.10999,NaN,NaN
466090200,95.00999,96.51999,91.43999,96.01999,NaN,NaN
466695000,96.01999,96.48999,93.17999,94.87,NaN,NaN
467299800,94.87,97.03,93.31999,94.82999,NaN,NaN
467908200,94.5,96.60999,90.23999,95.54999,NaN,NaN
468513000,95.62,99.34,95.37,95.68999,NaN,NaN
469117800,95.68999,97.64,93.78,93.95999,NaN,NaN
469722600,93.71999,93.71999,91.89,93.37,NaN,NaN
470327400,93.25,93.25,85.78,87.23999,NaN,NaN
470932200,87.23999,88.40999,81.67,81.76999,NaN,NaN
471537000,81.71999,81.71999,75.48999,75.93999,NaN,NaN
472141800,75.39999,77.64999,71.81,75.48999,NaN,NaN
472746600,75.48999,78.48,74.95,75.81999,NaN,NaN
473351400,75.81999,76.17999,71.48,71.84999,NaN,NaN
473956200,71.84999,76.54999,70.43999,74.87999,NaN,NaN
474561000,74.87999,78.26999,74.14999,77.91,NaN,NaN
475165800,77.95999,79.31999,74.10999,74.67,NaN,NaN
475770600,74.67,83.71999,73.51999,82.04999,NaN,NaN
476375400,81.98,83.59999,79.95999,81.48,NaN,NaN
476980200,81.48,85.17,79.98,83.82999,NaN,NaN
477585000,83.82999,84.09,77.09,77.39999,NaN,NaN
478189800,77.23,80.21999,71.64,80.21999,NaN,NaN
478794600,79.64999,79.64999,76.68999,77.56,NaN,NaN
479399400,77.75,80.73,77.57999,79.50999,NaN,NaN
480004200,79.56,93.31999,79.56,87.46999,NaN,NaN
480609000,87.18999,93.90999,86.12999,93.39,NaN,NaN
481213800,93.17999,93.17999,88.90999,90.26999,NaN,NaN
481818600,90.26999,95.2,89.65999,93.78999,NaN,NaN
482423400,93.81999,95.50999,92.31,92.96999,NaN,NaN
483028200,92.81,92.81,89.12,89.56,NaN,NaN
483629400,89.56,89.67999,85.07999,85.45,NaN,NaN
484234200,85.45,88.76999,84.43999,88.29999,NaN,NaN
484839000,88.43999,91.46999,87.87,88.71999,NaN,NaN
485443800,88.71999,90.96999,87.03,87.51999,NaN,NaN
486048600,87.35999,87.35999,84.10999,85.64,NaN,NaN
486653400,85.64,85.98999,83.03,83.12999,NaN,NaN
487258200,82.92,84.25999,81.43999,84.06999,NaN,NaN
487863000,84.03999,86.89999,82.64,85.03,NaN,NaN
488467800,84.84,85.14,82.73,83.57999,NaN,NaN
489072600,83.23,83.23,80.03,81.09999,NaN,NaN
489677400,81.09999,84.64,80.75,83.98999,NaN,NaN
490282200,83.98999,89.06999,83.25,87.87999,NaN,NaN
490887000,87.87999,92.15999,86.92,91.89999,NaN,NaN
491491800,91.89999,94.75,90.39999,90.95,NaN,NaN
492096600,90.95,91.73,88.23999,91.06,NaN,NaN
492701400,91.06,95.87999,91.03999,94.85999,NaN,NaN
493306200,94.85999,97.03999,92.7,93.21999,NaN,NaN
493911000,93.21999,94.31999,89.95999,91.34999,NaN,NaN
494515800,91.34999,91.34999,85.46999,86.62999,NaN,NaN
495120600,86.62999,87.31,84.73999,85.31,NaN,NaN
495725400,85.31,85.53,81.98999,83.46999,NaN,NaN
496330200,83.46999,88.64999,83.46999,85.92,NaN,NaN
496935000,85.46999,89.96999,83.23,88.18999,NaN,NaN
497539800,88.18999,88.37999,86.12,87.10999,NaN,NaN
498144600,87.10999,87.64999,84.12999,84.39,NaN,NaN
498749400,84.39,84.67999,82.34999,84.03999,NaN,NaN
499357800,84.03999,84.18999,81.17,82.89,NaN,NaN
499962600,82.89,82.89,79.76999,80.71999,NaN,NaN
500567400,80.71999,85.20999,79.2,84.31999,NaN,NaN
501172200,84.31999,87.89,83.12,87.23,NaN,NaN
501777000,87.23,90.23999,84.34,84.7,NaN,NaN
502381800,84.7,85.48999,82.89,85.06,NaN,NaN
502986600,85.06,85.06,79.67,80.95,NaN,NaN
503591400,80.95,83.03999,79.73999,82.85999,NaN,NaN
504196200,82.85999,83.06999,80.23999,80.73999,NaN,NaN
504801000,80.73999,81.81,80.28,81.81,NaN,NaN
505405800,81.81,90.10999,81.2,89.07999,NaN,NaN
506010600,89.07999,97.60999,87.78,93.14,NaN,NaN
506615400,93.14,93.37,89.14,92.10999,NaN,NaN
507220200,92.10999,93.14,88.34999,89.34999,NaN,NaN
507825000,89.34999,89.34999,81.46999,84.06999,NaN,NaN
508429800,84.06999,84.57999,80.46999,81.34999,NaN,NaN
509034600,81.34999,83.42999,80.18999,80.75999,NaN,NaN
509639400,80.75999,85.84999,79.42999,80.03999,NaN,NaN
510244200,80.03999,81.87,78.56,80.5,NaN,NaN
510849000,80.5,82.90999,78.17,80.78,NaN,NaN
511453800,80.78,82.60999,80.37999,82.23999,NaN,NaN
512058600,82.23999,82.23999,77.78,78.01999,NaN,NaN
512663400,78.01999,78.01999,71.54999,73.60999,NaN,NaN
513268200,73.60999,74.95999,71.89,74.18999,NaN,NaN
513873000,74.18999,74.18999,71.06,72.06,NaN,NaN
514477800,72.06,72.14,69.12999,70.10999,NaN,NaN
515079000,70.10999,70.10999,65.85999,66.50999,NaN,NaN
515683800,66.50999,67.56999,64.17,66.95,NaN,NaN
516288600,66.62,166.62,63.98999,64.42999,NaN,NaN
516893400,64.20999,66.64,63.34999,65.50999,NaN,NaN
517498200,65.50999,67.84999,65.35999,67.84999,NaN,NaN
518103000,67.84999,67.84999,65.54999,67.45,NaN,NaN
518707800,67.45,70.45,66.81,68.12,NaN,NaN
519312600,68.12,68.12,63.92999,65.28999,NaN,NaN
519917400,65.28999,65.28999,61.64,62.45,NaN,NaN
520522200,62.45,62.75999,60.5,60.67,NaN,NaN
521127000,60.67,62.73,59.73999,61.92,NaN,NaN
521731800,61.92,63.7,59.82999,63.35999,NaN,NaN
522336600,63.35999,63.71999,58.71999,59.12999,NaN,NaN
522941400,59.12999,66.37999,59.12999,65.68999,NaN,NaN
523546200,65.68999,72.45,64.84,71.45999,NaN,NaN
524151000,74,76.39,69.79999,70.20999,NaN,NaN
524755800,69.53999,71.76999,66.42999,69.25999,NaN,NaN
525360600,69.5,73.12999,69.15999,72.64999,NaN,NaN
525965400,73.31,83.2,73.31,82.67999,NaN,NaN
526570200,82.56999,82.56999,77.37999,81.65999,NaN,NaN
527175000,81.65999,86.76999,80.25999,86.65999,NaN,NaN
527779800,86.65999,87.09,78.78999,79.2,NaN,NaN
528384600,79.2,83.23999,76.89999,81.84,NaN,NaN
528989400,82.32999,84.59,81.00999,81.18999,NaN,NaN
529594200,81.18999,81.96999,76.46999,77.62999,NaN,NaN
530199000,77.62999,79.78,76.14,76.34,NaN,NaN
530807400,76.59,78.64999,76.09999,78.34,NaN,NaN
531412200,78.34,80.65999,77.92999,80.31999,NaN,NaN
532017000,80.37,81.75,78.73,79.07999,NaN,NaN
532621800,78.06,78.06,74.06999,74.62999,NaN,NaN
533226600,74.62999,79.53,74.39999,79.53,NaN,NaN
533831400,79.53,81.43999,77.07999,77.81999,NaN,NaN
534436200,77.81999,78.23999,75.23999,76.06,NaN,NaN
535041000,76.28,77.17999,75.09999,76.32999,NaN,NaN
535645800,76.32999,77.23999,73.29999,74.17,NaN,NaN
536250600,74.17,77.84,72.03,76.67999,NaN,NaN
536855400,76.67999,81.12999,75.37999,81.10999,NaN,NaN
537460200,81.42999,87.28,81.42999,86.12,NaN,NaN
538065000,87.17999,89.26999,82.75999,83.84,NaN,NaN
538669800,83.84,89.28999,83.70999,85.90999,NaN,NaN
539274600,85.90999,88.14,85.51999,87.93999,NaN,NaN
539879400,88.06,90.03999,85.39999,87.15999,NaN,NaN
540484200,87.25,90.09999,84.39,90.09999,NaN,NaN
541089000,90.09999,95.25999,88.57999,93.46999,NaN,NaN
541693800,93.17999,98.70999,91.40999,95.87,NaN,NaN
542298600,95.48,98.59,94.06999,96.51999,NaN,NaN
542903400,96.51999,99.2,96.17999,98.03,NaN,NaN
543508200,98.17,115.78999,98.17,115.76999,NaN,NaN
544113000,116.2,120.39999,112.23,119.60999,NaN,NaN
544714200,119.60999,136.76999,119.59,133.95,NaN,NaN
545319000,136.48999,145.35999,125.09999,131.50999,NaN,NaN
545923800,131.50999,143.34,128.93999,137.09999,NaN,NaN
546528600,137.09999,143.67,124.64999,129.29999,NaN,NaN
547133400,129.54999,135.78,129.54999,133.81999,NaN,NaN
547738200,133.81999,137.26999,130.51999,136.42,NaN,NaN
548343000,136.42,138.42,122.56999,123.25999,NaN,NaN
548947800,119.78999,120.17999,114.42999,119.53,NaN,NaN
549552600,117.62999,123.28999,114.48999,122.42,NaN,NaN
550157400,122.42,124.29999,119.17,119.68999,NaN,NaN
550762200,118.42999,118.42999,110.98,111.43999,NaN,NaN
551367000,109.92999,111.90999,104.48,111.73999,NaN,NaN
551971800,112.17,115.95,112.17,115.78,NaN,NaN
552576600,115.78,123.14,114.67999,122.60999,NaN,NaN
553181400,122.60999,128.06,122.35999,124.68999,NaN,NaN
553786200,124.71999,128.25,124.54999,125.39,NaN,NaN
554391000,125.39,138.37,124.78,137.95,NaN,NaN
554995800,141.09999,146.45999,134.84,136.03,NaN,NaN
555600600,137.15999,142.5,134.85999,136,NaN,NaN
556205400,136.46999,141.23999,136.46999,140.17,NaN,NaN
556810200,140.17,145.78,139.53,143.2,NaN,NaN
557415000,143.2,151.59999,143.03999,150.31,NaN,NaN
558019800,150.31,151.64,147,150.10999,NaN,NaN
558624600,150.10999,157.01999,149.42999,155.73999,NaN,NaN
559229400,154.00999,156.68999,149.73999,154.25,NaN,NaN
559834200,154.25,156.48999,147.40999,147.92999,NaN,NaN
560439000,147.92999,150.2,145.87999,146.14,NaN,NaN
561043800,146.14,146.65999,130.84999,131.46999,NaN,NaN
561648600,131.46999,140.67999,89.42,105.64999,NaN,NaN
562257000,103.37999,103.37999,84.12999,96.78,NaN,NaN
562861800,97.65999,101.15999,87.46999,88.65999,NaN,NaN
563466600,88.65999,95.34,83.93999,94.34999,NaN,NaN
564071400,94.34999,95.81999,89.28,92.48,NaN,NaN
564676200,92.48,121.21999,92.06999,120.73999,NaN,NaN
565281000,120.73999,127.56,100.73999,102.34,NaN,NaN
565885800,102.34,117.09,101.76999,116.78,NaN,NaN
566490600,116.78,121.14999,105.50999,107.50999,NaN,NaN
567095400,107.50999,111.26999,106.07999,110.7,NaN,NaN
567700200,110.7,112.29999,106.78999,109.71999,NaN,NaN
568305000,107.95999,111.32999,103.67,104.34999,NaN,NaN
568909800,104.34999,106.35999,100.50999,102.14999,NaN,NaN
569514600,102.14999,103,97.45999,98.20999,NaN,NaN
570119400,98.14,98.14,87.53999,89.00999,NaN,NaN
570724200,89.00999,90.81999,83.90999,86.37999,NaN,NaN
571329000,86.68999,92.34,85.84999,92.34,NaN,NaN
571933800,92.45,96.34,92.45,93.60999,NaN,NaN
572538600,93.60999,95.56,88.42,90.03999,NaN,NaN
573143400,90.03999,99.79999,89.62,99.50999,NaN,NaN
573748200,99.50999,104.09,98.17999,99.37999,NaN,NaN
574353000,99.37,99.54999,97.15999,98.39999,NaN,NaN
574957800,98.92,102.28999,96.78999,97.7,NaN,NaN
575562600,97.37,99.10999,96.14999,98.78999,NaN,NaN
576163800,99.46999,100.31999,97.81,99.67,NaN,NaN
576768600,99.64999,100.54999,97.45999,98.75,NaN,NaN
577373400,98.95,101.28,96.7,97.46999,NaN,NaN
577978200,97.70999,100.09,97.70999,98.92999,NaN,NaN
578583000,98.26999,98.26999,93.85999,94.20999,NaN,NaN
579187800,94.20999,97.45999,94.07999,96.53999,NaN,NaN
579792600,96.95,99.00999,96.09,98.5,NaN,NaN
580397400,98.87999,102.28,98.87999,99.01999,NaN,NaN
581002200,99.84,111.64,99.84,111.06,NaN,NaN
581607000,111.06,112.20999,108.62,109.21999,NaN,NaN
582211800,109.21999,111.31999,107.62999,111.10999,NaN,NaN
582816600,111.10999,111.92,105.15999,105.98999,NaN,NaN
583421400,105.98999,106.17999,101.34999,102.89,NaN,NaN
584026200,103.03,107.65999,103.03,106.84,NaN,NaN
584631000,106.76999,106.98999,103.18999,106.73999,NaN,NaN
585235800,105.64999,110.12999,104.01999,105.28,NaN,NaN
585840600,105.28,105.48,100.60999,103.43999,NaN,NaN
586445400,103.43999,103.53999,99.98999,100.68999,NaN,NaN
587050200,100.53999,100.53999,94.07999,95.92,NaN,NaN
587655000,95.39999,96,93.73,94.92,NaN,NaN
588259800,94.92,96.56,94.25999,95.26999,NaN,NaN
588864600,95.26999,95.76999,91.34999,92.32999,NaN,NaN
589469400,92.32999,92.76999,89.46999,89.64,NaN,NaN
590074200,89.62999,91.51999,87.46999,88.73999,NaN,NaN
590679000,88.32999,91.10999,87.17999,89.85999,NaN,NaN
591283800,89.85999,92.59999,89.39,91.54999,NaN,NaN
591888600,91.54999,94.81,90.75999,94.81,NaN,NaN
592493400,96.00999,98.32999,92.90999,93.20999,NaN,NaN
593098200,94.03999,95.45999,91.73999,94.29999,NaN,NaN
593703000,93.53999,93.53999,89.95,91.17999,NaN,NaN
594311400,91.17999,96.70999,90.64,93.57999,NaN,NaN
594916200,93.57999,94.57999,92.12999,92.26999,NaN,NaN
595521000,92.26999,92.56999,88.79999,89.45999,NaN,NaN
596125800,89.45999,91.78999,88.71999,91.78999,NaN,NaN
596730600,91.78999,94.42,90.28999,94.17999,NaN,NaN
597335400,94.17999,94.45,89.35999,89.71999,NaN,NaN
597940200,89.42,89.42,85.59,87.15999,NaN,NaN
598545000,87.15999,88.23,86.42,86.64,NaN,NaN
599149800,86.42999,87.15999,83.78999,87.00999,NaN,NaN
599754600,87.00999,87.81,84.82999,86.84,NaN,NaN
600359400,86.84,89.93999,85.39999,89.5,NaN,NaN
600964200,89.48999,95.92,88.67999,95.84,NaN,NaN
601569000,95.84,97.31,90.7,91.65999,NaN,NaN
602173800,91.31999,95.79999,89.62,95.25,NaN,NaN
602778600,95.25,98.03999,93.96999,95.81,NaN,NaN
603383400,95.81,97.75,95.17999,97.37999,NaN,NaN
603988200,97.37999,102.56,96.45,101.53,NaN,NaN
604593000,101.53,102.54999,98.31,98.37999,NaN,NaN
605197800,98.37999,99.73999,97.23,98.35999,NaN,NaN
605802600,98.35999,99.14,97.14999,97.75999,NaN,NaN
606407400,97.75999,98.60999,95.46999,95.95,NaN,NaN
607012200,95.90999,95.90999,92.89,94.64,NaN,NaN
607613400,94.20999,94.20999,92.25999,92.76999,NaN,NaN
608218200,92.76999,94.73999,91.95,92.71999,NaN,NaN
608823000,92.71999,93.28,89.89999,91.96999,NaN,NaN
609427800,91.96999,93.50999,88.26999,88.95,NaN,NaN
610032600,88.95,89,87.25,87.78999,NaN,NaN
610637400,87.78999,91.09,87.06,88.89999,NaN,NaN
611242200,88.89999,89.31999,86.12999,87.65999,NaN,NaN
611847000,87.07999,87.07999,85.23,86.5,NaN,NaN
612451800,86.26999,86.92999,85.48999,86.73,NaN,NaN
613056600,86.73,91.45,85.98999,87.18999,NaN,NaN
613661400,87.18999,90.06999,86.89999,90.06999,NaN,NaN
614266200,90.06999,94.67999,89.26999,94.2,NaN,NaN
614871000,94.2,95.03,91.28,92.43999,NaN,NaN
615475800,92.42999,97.21999,91.45999,95.95,NaN,NaN
616080600,95.95,99.09999,95.29999,96.81999,NaN,NaN
616685400,96.81999,97.35999,94.67999,95.54999,NaN,NaN
617290200,95.42,96.42,94.54999,94.67,NaN,NaN
617895000,94.78999,100.51999,94.15999,100.00999,NaN,NaN
618499800,100.00999,103.17,98.53999,98.75,NaN,NaN
619104600,98.75,102.67999,98.23,101.78999,NaN,NaN
619709400,101.5,101.5,98.09,98.76999,NaN,NaN
620314200,98.76999,102.25999,98.01999,102.00999,NaN,NaN
620919000,101.87999,102.75,100.40999,100.89999,NaN,NaN
621523800,99.85999,100,96.60999,98.73,NaN,NaN
622128600,98.73,104.28999,97.93999,103.67,NaN,NaN
622733400,104.23,106.59999,103.31999,103.79999,NaN,NaN
623338200,103.79999,103.95999,100.67,101.34999,NaN,NaN
623943000,101.34999,102.35999,96.76999,98.12999,NaN,NaN
624547800,98.12999,100.78999,95.64999,99.17,NaN,NaN
625152600,99.01999,108,96.31,107.64,NaN,NaN
625761000,107.64,113.03999,104.79999,111.2,NaN,NaN
626365800,111.2,117.25999,110.75999,115.54999,NaN,NaN
626970600,117.37,119.68999,115.26999,116.82999,NaN,NaN
627575400,116.82999,124.28999,116.26999,123.40999,NaN,NaN
628180200,122.10999,122.10999,117.73999,119.79999,NaN,NaN
628785000,118.84999,124.32999,115.37999,123.89,NaN,NaN
629389800,124.26999,128.35999,123.56,127.23,NaN,NaN
629994600,126.75,126.75,121.57999,121.62,NaN,NaN
630599400,121.28,121.28,116.25,119.92999,NaN,NaN
631204200,119.92999,124.70999,118.03,124.70999,NaN,NaN
631809000,124.28999,138.18999,122.10999,130.42999,NaN,NaN
632413800,131.31,134.09999,127.59,127.78,NaN,NaN
633018600,127.78,135.87,125.39,134.84,NaN,NaN
633623400,134.84,137.45999,129.75999,131.04999,NaN,NaN
634228200,132.81999,136.68999,131.50999,131.62999,NaN,NaN
634833000,131.73999,133.09,125.5,125.75,NaN,NaN
635437800,126.78999,128.98999,123.45999,123.45999,NaN,NaN
636042600,121.48,122.68999,116.25,121.54999,NaN,NaN
636647400,121.53999,122.40999,116.73999,117.37999,NaN,NaN
637252200,117.53,123.89999,114.98,122.84,NaN,NaN
637857000,123.12999,125.62,115.14999,116.28,NaN,NaN
638461800,111.54999,113.29999,109.23999,112.70999,NaN,NaN
639063000,111.76999,114.37,110.14999,114.37,NaN,NaN
639667800,114,114,106.48,106.50999,NaN,NaN
640272600,106.12999,109.34,103.98999,105.23999,NaN,NaN
640877400,105.23999,106.40999,100.76999,100.98,NaN,NaN
641482200,100.23,100.96999,97.73999,99.25,NaN,NaN
642087000,99.28999,107.04999,99.06999,105.43999,NaN,NaN
642691800,105.43999,106.95,102.37,106.92,NaN,NaN
643296600,106.92,111.95999,106.04999,106.78999,NaN,NaN
643901400,106.78999,107.79999,102.87999,103.51999,NaN,NaN
644506200,103.17999,103.17999,94.06999,95.73999,NaN,NaN
645111000,95.73999,97.96999,91.67,93.73999,NaN,NaN
645715800,93.78,98.7,93.78,95.62999,NaN,NaN
646320600,97.10999,101.75999,95.84999,101.45,NaN,NaN
646925400,101.45,104.03,100.51999,102.09999,NaN,NaN
647530200,102.06,106.03999,96.59,104.68999,NaN,NaN
648135000,104.68999,106.68999,103.14999,103.39999,NaN,NaN
648739800,105.06,108.53,104.87,106.7,NaN,NaN
649344600,106.7,116.00999,105.81999,111.12999,NaN,NaN
649949400,111.12999,117.60999,111.12999,117.57999,NaN,NaN
650554200,120.04999,125.03999,116.93999,124.28,NaN,NaN
651159000,124.28,125.85999,116.43999,116.84999,NaN,NaN
651763800,113.06,113.06,106.92999,108.04999,NaN,NaN
652368600,108.04999,109.09,105.18999,105.78,NaN,NaN
652973400,104.84,105.29999,100.76999,105.28999,NaN,NaN
653578200,106.14999,107.65999,103.03,105.40999,NaN,NaN
654183000,105.59,112.70999,105.59,108.34,NaN,NaN
654787800,107.01999,107.01999,100.75999,101.28,NaN,NaN
655392600,101.28,101.40999,92.12,92.73,NaN,NaN
655997400,91.90999,91.90999,83.48999,89.53999,NaN,NaN
656602200,88.89,91.48,86.73,88.07999,NaN,NaN
657210600,88.07999,91.09999,87.57999,89.37,NaN,NaN
657815400,89.37,92.21999,89.32999,90.03,NaN,NaN
658420200,89.17,89.17,85.23999,85.92999,NaN,NaN
659025000,85.92999,86.7,81.56999,83.28,NaN,NaN
659629800,83.81,87.15999,83.51999,85.23999,NaN,NaN
660234600,85.12999,85.12999,78.15999,81.45,NaN,NaN
660839400,82.06,84.64999,81.46999,83.93999,NaN,NaN
661444200,83.93999,90.21999,82.71999,88.18999,NaN,NaN
662049000,88.18999,92.87,87.95,92.59,NaN,NaN
662653800,92.59,97.03999,90.87,90.92,NaN,NaN
663258600,92.03,96.82999,90.01999,93.59999,NaN,NaN
663863400,94.03,97.45,84.65999,85.48,NaN,NaN
664468200,86.14999,87.01999,81.90999,83.03,NaN,NaN
665073000,82.67999,82.67999,79.57999,80.32999,NaN,NaN
665677800,80.32999,86.53999,77.17999,85.59999,NaN,NaN
666282600,85.15999,88.53999,83.5,84.42,NaN,NaN
666887400,84.42,84.98,79.07999,79.62,NaN,NaN
667492200,79.62,87.14,79.34,86.85999,NaN,NaN
668097000,86.85999,90.87999,85.56999,90.82999,NaN,NaN
668701800,90.82999,92.37999,87.67999,88.23,NaN,NaN
669306600,87.73,87.73,84.89,85.51999,NaN,NaN
669911400,84.57999,84.64,82.12,84.28999,NaN,NaN
670516200,84.51999,88.57999,84.51999,85.31,NaN,NaN
671117400,85.34,88.90999,84.17,84.81,NaN,NaN
671722200,84.81,84.95,80.32999,80.81999,NaN,NaN
672327000,80.81999,83.37,79.32999,79.73999,NaN,NaN
672931800,79.25,80.75,78.12999,78.82999,NaN,NaN
673536600,78.82999,81.09,77.96999,77.96999,NaN,NaN
674141400,77.96999,81.50999,77.93999,78.34999,NaN,NaN
674746200,78.34999,79.39999,76.35999,76.95,NaN,NaN
675351000,76.95,82.84,76.06,82.31999,NaN,NaN
675955800,83.09,89.34999,82.85999,87.54999,NaN,NaN
676560600,89.06,90.53,86.43999,86.57999,NaN,NaN
677165400,86.57999,88.62999,85.57999,85.59,NaN,NaN
677770200,85.06999,90.17999,82.92999,90.15999,NaN,NaN
678375000,90.73,95.57999,90.73,94.53,NaN,NaN
678979800,94.53,95.39999,90.64,92.26999,NaN,NaN
679584600,92.26999,94.21999,91.95,92.53,NaN,NaN
680189400,92.28999,92.28999,88.18999,89.79999,NaN,NaN
680794200,89.76999,89.76999,85.06,85.53,NaN,NaN
681399000,85.50999,85.53999,84.12999,84.59,NaN,NaN
682003800,84.39,84.39,81.96999,82.21999,NaN,NaN
682608600,82.54999,85.78,77.64,79.03999,NaN,NaN
683213400,79.03999,79.84,74.89,75.90999,NaN,NaN
683818200,75.90999,79.2,75.42999,78.37,NaN,NaN
684423000,78.54999,79.56,73.84999,74.25,NaN,NaN
685027800,74.35999,77.84999,74.35999,75.2,NaN,NaN
685632600,75.2,79.90999,75.06,76.20999,NaN,NaN
686237400,77.95999,80.51999,77.15999,80.18999,NaN,NaN
686842200,80.18999,81,77.85999,81,NaN,NaN
687447000,81,85.95,80.00999,85.95,NaN,NaN
688051800,85.95,87.39999,84.40999,84.65999,NaN,NaN
688660200,83.92,85.14,81.79999,82.35999,NaN,NaN
689265000,82.35999,82.39999,79,79.06999,NaN,NaN
689869800,79.06999,81.75999,78.57999,81.23999,NaN,NaN
690474600,81.23999,86.40999,80.29999,85.59999,NaN,NaN
691079400,85.59999,86.56999,82.34999,84.12999,NaN,NaN
691684200,84.12999,85.60999,82.01999,85.23,NaN,NaN
692289000,85.23,86.64,79.26999,79.84999,NaN,NaN
692893800,79.84999,80.28,74.68999,74.68999,NaN,NaN
693498600,74.68999,76.17,73.51999,74.32999,NaN,NaN
694103400,74.32999,80.78999,74.01999,79.17999,NaN,NaN
694708200,78.75999,82.07999,75.17999,79.06,NaN,NaN
695313000,78.79999,84.57999,77.7,82.95,NaN,NaN
695917800,83.64999,85.95,80.87,81.5,NaN,NaN
696522600,81.85999,84.37,80.70999,83.53,NaN,NaN
697127400,83.53,84.56999,81.93999,82.92,NaN,NaN
697732200,82.92,85.87,81.98999,81.98999,NaN,NaN
698337000,81.98999,83.81,81.00999,81.78,NaN,NaN
698941800,81.57999,82.62,80.12999,81.39999,NaN,NaN
699546600,80.67,81.23999,78.98999,79.96999,NaN,NaN
700151400,79.40999,80.06,74.95,75.56999,NaN,NaN
700756200,75.23,75.23,72.09,72.17,NaN,NaN
701361000,72.17,72.34999,70.67999,71.57999,NaN,NaN
701965800,71.57999,72.31,70.54999,71.25999,NaN,NaN
702567000,70.95,72.42999,67.43999,72.10999,NaN,NaN
703171800,72.10999,72.64,68.23,68.34,NaN,NaN
703776600,68.34,71.42999,67.84,69.10999,NaN,NaN
704381400,69.01999,70.98999,67,70.73,NaN,NaN
704986200,70.57999,74.34,69.84,73.21999,NaN,NaN
705591000,73.21999,77.54999,71.68999,76.23999,NaN,NaN
706195800,76.23999,77.84999,75.57999,76.73,NaN,NaN
706800600,76.73,78.78,75.01999,75.01999,NaN,NaN
707405400,75.01999,77.70999,74.78,75.32999,NaN,NaN
708010200,75.59,81.39,75.59,80.59999,NaN,NaN
708615000,80.59999,82.42999,77.92,77.92,NaN,NaN
709219800,78.01999,80.56,76.56,76.56,NaN,NaN
709824600,76.56,81.14999,76,80.54999,NaN,NaN
710429400,80.62,82.35999,80.62,81.25999,NaN,NaN
711034200,81.25999,88.31,80.64999,87.09,NaN,NaN
711639000,87.09,88.51999,82.85999,84.2,NaN,NaN
712243800,83.56,83.87,81.00999,82.62999,NaN,NaN
712848600,82.01999,82.64999,78.98999,82.01999,NaN,NaN
713453400,81.7,81.7,72.73999,74.64,NaN,NaN
714058200,74.64,75.70999,73.31999,74.82999,NaN,NaN
714663000,75.89,78.39,74.82999,78.39,NaN,NaN
715267800,78.39,79.70999,76.48,76.87999,NaN,NaN
715872600,76.87999,77.60999,74.84,75.42,NaN,NaN
716477400,77.01999,82.89,76.51999,80.76999,NaN,NaN
717082200,79.96999,81.01999,78.42,81,NaN,NaN
717687000,80.95,81.59,78.90999,79.60999,NaN,NaN
718291800,79.60999,82.31,79.25999,79.65999,NaN,NaN
718896600,78.79999,78.79999,75.00999,76.78,NaN,NaN
719501400,76.78,78.42999,76.18999,76.90999,NaN,NaN
720109800,76.21999,76.42999,73.51999,75.60999,NaN,NaN
720714600,75.60999,79.73,74.64,76.12,NaN,NaN
721319400,75.39999,75.39999,67.50999,68.65999,NaN,NaN
721924200,68.35999,68.35999,65.67,66.95,NaN,NaN
722529000,66.53,66.53,64.37999,65,NaN,NaN
723133800,65.01999,68.42999,65.01999,67.95,NaN,NaN
723738600,67.95,70.62999,67.14,70.5,NaN,NaN
724343400,70.28,73.84,69.14999,72.84999,NaN,NaN
724948200,71.67,71.67,69.67,70.37999,NaN,NaN
725553000,70.09,71.50999,68.85999,71.29999,NaN,NaN
726157800,70.00999,70.29999,68.78,69.26999,NaN,NaN
726762600,69.13,69.39,66.65999,66.73999,NaN,NaN
727367400,66.81,70.78999,66.14,68.46999,NaN,NaN
727972200,68.47,72.51999,68.12999,71.53,NaN,NaN
728577000,71.47,74.7,71.21999,74.59999,NaN,NaN
729181800,74.11,81.32999,73.92999,76.18999,NaN,NaN
729786600,76.82001,79.48999,76.62,78.15999,NaN,NaN
730391400,77.82001,81.26999,74.95,75.98,NaN,NaN
730996200,75.87,78.73,74.42999,77.48999,NaN,NaN
731601000,76.7,78.92999,75.18999,78.37,NaN,NaN
732205800,78.63,85.00999,78.12,84.60999,NaN,NaN
732810600,85.19,86.14999,83.53999,84.10999,NaN,NaN
733415400,82.83,89.84999,82.06,88.70999,NaN,NaN
734016600,87.61,88.21999,83.82999,84.10999,NaN,NaN
734621400,83.61,85.92999,81.59999,84.71999,NaN,NaN
735226200,85.25,95.17999,84.81999,94.85999,NaN,NaN
735831000,96.63,99.70999,93.57999,98.81,NaN,NaN
736435800,99.06,99.98,94.25,97.42,NaN,NaN
737040600,97.99001,112.20999,97.34,107.89,NaN,NaN
737645400,108.39,115.03,103.48999,110.51999,NaN,NaN
738250200,110.75,113.95999,105.01999,111.10999,NaN,NaN
738855000,111.11,111.23,104.73,110.78,NaN,NaN
739459800,110.11,111,101.07999,101.20999,NaN,NaN
740064600,100.98,110.03999,97.67999,108.7,NaN,NaN
740669400,108.72,115.23999,106.50999,114.98999,NaN,NaN
741274200,115.13,124.50999,113.20999,122.53999,NaN,NaN
741879000,124.74001,128.06999,116.28,116.98999,NaN,NaN
742483800,118.24001,120.73,115.95999,115.95999,NaN,NaN
743088600,116.94,117.82999,111.81,112.89999,NaN,NaN
743693400,113.52,129.56,113.51999,128.89999,NaN,NaN
744298200,128.78,129.06999,111.85999,114.20999,NaN,NaN
744903000,115.7,118.12,108.06999,110.37999,NaN,NaN
745507800,111.50999,115.12999,111.12,114.39999,NaN,NaN
746112600,114.33,118.70999,113.23999,115.40999,NaN,NaN
746717400,115.41,124.5,109.96999,109.96999,NaN,NaN
747322200,107.67999,107.67999,97.39,100.10999,NaN,NaN
747927000,98.92,104.14,94.09999,102.81,NaN,NaN
748531800,103.3,109.42999,102.67,108.39999,NaN,NaN
749136600,108.14999,108.14999,101.25,103.76999,NaN,NaN
749741400,102.63,114.75999,102.42,114.51999,NaN,NaN
750346200,114.89999,119.45,113.7,116.5,NaN,NaN
750951000,115.74001,125.53999,115.73999,123.46999,NaN,NaN
751555800,123.31,127.81,121.32999,123.45,NaN,NaN
752164200,121.68999,128.5,118.09,125.29999,NaN,NaN
752769000,125.04999,131.34999,123.25999,129.26999,NaN,NaN
753373800,129.53999,130.64999,122.57999,127.60999,NaN,NaN
753978600,127.82001,128.90999,122.5,122.5,NaN,NaN
754583400,119.25,123.48,117.31,123.48,NaN,NaN
755188200,123.59,131.86,122.12,131.68999,NaN,NaN
755793000,132.53999,135.37999,131.21999,132.81,NaN,NaN
756397800,133.98,135.17,127.79999,129.01999,NaN,NaN
757002600,129.56,133.20999,128.70999,131.90999,NaN,NaN
757607400,132.92,144.15999,132.92,136.37999,NaN,NaN
758212200,136.12,142.34,133.62,142.34,NaN,NaN
758817000,143.72,146.31999,134.34999,135.42,NaN,NaN
759421800,134.49001,137.09,127.78,129.06999,NaN,NaN
760026600,129.91,139.23999,128.17999,133.20999,NaN,NaN
760631400,131.14999,132.54999,124.85999,126.12,NaN,NaN
761236200,127.33,133.82999,125.89999,125.89999,NaN,NaN
761841000,126.07001,126.73,121.65999,125.68999,NaN,NaN
762445800,127.33,130.14999,121.71999,122.15999,NaN,NaN
763050600,122.02,127.84,117.18999,125.53,NaN,NaN
763655400,126.13,127.71999,123.48999,127.71999,NaN,NaN
764260200,127.37,137.46999,125.21999,137.46999,NaN,NaN
764865000,136.44,136.98999,129.67999,133.7,NaN,NaN
765466200,133.48999,133.48999,123.14999,123.64,NaN,NaN
766071000,122.92,123.03999,114.09999,114.09999,NaN,NaN
766675800,114.63,115.62,105.84,107.65999,NaN,NaN
767280600,108.86,117.46999,108.85999,114.42999,NaN,NaN
767885400,114.42999,117.82999,109.67999,116.54999,NaN,NaN
768490200,116.55,120.28999,111.76999,113.17999,NaN,NaN
769095000,113.17999,121.89999,112.07999,121.28,NaN,NaN
769699800,121.17,124.04999,115.95999,118.12999,NaN,NaN
770304600,119.22,120.79999,114.68999,114.87999,NaN,NaN
770909400,115.16,115.21999,112.87999,113.21999,NaN,NaN
771514200,113.10001,119.98,112.56999,119.25999,NaN,NaN
772119000,119.59,121.35999,116.96999,117.15999,NaN,NaN
772723800,116.73,116.76999,112.98,115.34,NaN,NaN
773328600,115.34,115.48999,109.59999,109.95,NaN,NaN
773933400,110.45,114.01999,109.79999,111.48999,NaN,NaN
774538200,111.64999,116.64,109.70999,113.62,NaN,NaN
775143000,113.46001,115.75,111.75,111.75,NaN,NaN
775747800,112.06,112.75,108.92999,108.92999,NaN,NaN
776352600,109.48,110.06999,107.23999,108.40999,NaN,NaN
776957400,108.5,111.67,106.93999,111.65999,NaN,NaN
777562200,111.55,113.78,110.01999,111.50999,NaN,NaN
778167000,111.28999,121.89999,110.21999,121.56,NaN,NaN
778771800,121.74001,125.35999,120.98999,124.00999,NaN,NaN
779376600,123.95,125.92,120.98999,122.95999,NaN,NaN
779981400,122.69,134.62999,122.68999,134.28,NaN,NaN
780586200,133.75999,135.89999,131.57999,132.23,NaN,NaN
781191000,131.60001,132.64,124.60999,125.75999,NaN,NaN
781795800,126.39,129.10999,123.73,124.10999,NaN,NaN
782400600,124.48,128.93999,124.04999,126.12,NaN,NaN
783005400,125.63,126.01999,116.39,116.45,NaN,NaN
783613800,115.52,119.35999,114.95,115.17999,NaN,NaN
784218600,115.17999,117.53999,113.95999,114.75,NaN,NaN
784823400,114.92,115.62,109.23,109.23,NaN,NaN
785428200,109.23,109.23,102.42,106.48,NaN,NaN
786033000,106.48,106.73,100.90999,102.23,NaN,NaN
786637800,102.00999,105.01999,98.78,104.51999,NaN,NaN
787242600,104.37,108.42,102.92999,102.92999,NaN,NaN
787847400,103.07001,106.79999,103.06,105.21999,NaN,NaN
788452200,105.38,111.34999,105.17999,109.32999,NaN,NaN
789057000,108.14999,108.14999,98.76999,98.76999,NaN,NaN
789661800,98.87,110.67999,98.87,106.89,NaN,NaN
790266600,105.73999,109.14999,104.73,107.17999,NaN,NaN
790871400,106.82999,106.82999,98.62,98.62,NaN,NaN
791476200,98.73,101.93999,96.65999,100.45999,NaN,NaN
792081000,100.02,102.57999,98.64999,101.31,NaN,NaN
792685800,101.24001,104.56,99.64999,103.06,NaN,NaN
793290600,103.5,107,102.45999,104.17,NaN,NaN
793895400,103.17999,104.53999,99.71999,100.40999,NaN,NaN
794500200,101.39,113.17,101.17,109,NaN,NaN
795105000,110.95,115.03999,110.03,113.79999,NaN,NaN
795709800,113.19,116.95999,112.89,114.76999,NaN,NaN
796314600,114.67999,123.85999,113.17999,121.96999,NaN,NaN
796915800,121.67999,124.17,119.59,121.35999,NaN,NaN
797520600,120.53999,120.53999,115.62,116.28,NaN,NaN
798125400,118.28,126.95,118.28,121.31999,NaN,NaN
798730200,121.28,122.81,116.92999,116.92999,NaN,NaN
799335000,117.41,120.98,116.15999,116.87999,NaN,NaN
799939800,116.50999,117.65999,108.73,109.12,NaN,NaN
800544600,109.49001,117.93999,109.46999,115.40999,NaN,NaN
801149400,114.86,121.92999,113.2,120.68999,NaN,NaN
801754200,120.59,121.42999,118.34999,118.71999,NaN,NaN
802359000,118.25999,123.70999,117.14999,121.82999,NaN,NaN
802963800,121.75999,128.03999,120.42,126.81,NaN,NaN
803568600,127.22,129.07999,123.93999,126.51999,NaN,NaN
804173400,125.7,125.7,119.37,120.18999,NaN,NaN
804778200,120.19,126.35999,119.56999,126.28999,NaN,NaN
805383000,126.28,132.7,124.75999,127.50999,NaN,NaN
805987800,127.60001,130.67999,121.95,123.01999,NaN,NaN
806592600,123.78999,125.21999,119.50999,119.7,NaN,NaN
807197400,119.8,124.59,118.2,122.87,NaN,NaN
807802200,123.3,124.7,119.32999,120.59999,NaN,NaN
808407000,120.60001,127.48999,120.59999,125.87999,NaN,NaN
809011800,126.31,128.04999,123.25999,126.89999,NaN,NaN
809616600,126.45,127.09999,120.46999,121.45999,NaN,NaN
810221400,120.75,127.09999,120.43999,127.09999,NaN,NaN
810826200,127.39,130.45,125.70999,126.62,NaN,NaN
811431000,127.47,128.23999,122.23999,123.73999,NaN,NaN
812035800,123.87,124.62,122.09999,124.2,NaN,NaN
812640600,123.82001,124.00999,120.28999,122.14,NaN,NaN
813245400,122.11,123.28,117.76999,119.17,NaN,NaN
813850200,119.09,119.28999,111.25999,113.73,NaN,NaN
814455000,113.7,114.48999,107.92999,108.42,NaN,NaN
815063400,108.72,112.96999,106.45,111.65999,NaN,NaN
815668200,111.81,120.81999,111.81,119.48999,NaN,NaN
816273000,119.73999,119.73999,113.95999,117.21999,NaN,NaN
816877800,116.09,117.92,115.43999,117.2,NaN,NaN
817482600,118.10001,123.53999,118.00999,119.81999,NaN,NaN
818087400,120.17,126.56,120.17,125.64999,NaN,NaN
818692200,125.82001,126.75,119.12999,120.89,NaN,NaN
819297000,121.14,123.12999,119.07999,122.28999,NaN,NaN
819901800,122.21001,122.37,119.31999,120.42,NaN,NaN
820506600,121.86,133.17,121.85999,132.65999,NaN,NaN
821111400,133.64,138.89999,130.31,131.31,NaN,NaN
821716200,130.53,136.06,129,135.48999,NaN,NaN
822321000,137.33,141.51999,137.06999,139.82999,NaN,NaN
822925800,139.36,150.64999,138.78999,150.62,NaN,NaN
823530600,150.91,155.59999,141.2,143.06999,NaN,NaN
824135400,142.75999,149.06,141.18999,144.62,NaN,NaN
824740200,143.36,145.29999,139.7,142.45,NaN,NaN
825345000,143.23,147.59999,141.60999,142.60999,NaN,NaN
825949800,140.06999,142.62,136.37999,138.06,NaN,NaN
826554600,137.17999,140.70999,136.06999,137.79999,NaN,NaN
827159400,136.88,139.75,135.40999,139.7,NaN,NaN
827764200,139.36,149.53,139.17999,143.82999,NaN,NaN
828369000,142.95,146.93999,141.76999,143.2,NaN,NaN
828970200,143.12,151.56,141.95999,145.34999,NaN,NaN
829575000,143.98,148.12,137.78,137.78,NaN,NaN
830179800,138.53999,144.34999,138.14,142.21999,NaN,NaN
830784600,142.71001,145.17,139.53,140.12999,NaN,NaN
831389400,141.36,150.42,141.29999,146.34999,NaN,NaN
831994200,146.74001,147.84999,145.48,145.95,NaN,NaN
832599000,145.17999,146.56,142.39,143.67,NaN,NaN
833203800,144.7,149.04999,143.15999,148.89,NaN,NaN
833808600,148.96001,149.09999,130.84999,133.34,NaN,NaN
834413400,133.75,134.18999,128.12999,129.54999,NaN,NaN
835018200,129.64,131.5,125.31999,125.31999,NaN,NaN
835623000,125.35001,130.57999,122.98999,123.75999,NaN,NaN
836227800,124.47,130.31,124.46999,130.31,NaN,NaN
836832600,130.06999,132.70999,124.50999,124.50999,NaN,NaN
837437400,124.47,125.03,113.85999,121.35999,NaN,NaN
838042200,121.28,121.54999,116.31,120.81999,NaN,NaN
838647000,120.5,126.34,117.15999,126.14,NaN,NaN
839251800,127.25,130.62999,126.39,127.00999,NaN,NaN
839856600,126.89,128.48999,121.65999,121.65999,NaN,NaN
840461400,122.28,128.67,121.67999,127.12,NaN,NaN
841066200,127.94,128.93999,124.28999,124.54999,NaN,NaN
841671000,124.23,127.60999,123.76999,124.93999,NaN,NaN
842275800,125.21999,125.21999,120.14999,124.20999,NaN,NaN
842880600,124.23,124.31,118.81,119.5,NaN,NaN
843485400,119.78,121.84999,115.56999,115.73999,NaN,NaN
844090200,114.81,120.46999,113.56,117.10999,NaN,NaN
844695000,117.08,119.89999,116.62999,117.87999,NaN,NaN
845299800,117.95,118.21999,113.89999,114,NaN,NaN
845904600,114.47,119.89999,114.46999,118.98,NaN,NaN
846513000,119.10001,120.90999,115.26999,116.37999,NaN,NaN
847117800,116.42,119.21999,113.43999,118.62999,NaN,NaN
847722600,119.17,129.62999,118.18999,125.06999,NaN,NaN
848327400,124.14999,127.28999,119.39999,119.75,NaN,NaN
848932200,118.66,122.75,116.39,120.18999,NaN,NaN
849537000,119.12999,123.75,114.45,121.59,NaN,NaN
850141800,121.67,124.45999,117.35999,118.45,NaN,NaN
850746600,118.38,121.5,117.23999,117.23999,NaN,NaN
851351400,117.75999,119.56,117.67999,117.78,NaN,NaN
851956200,118.05,119.06,111.67999,111.82999,NaN,NaN
852561000,110.77,113.23,106.93999,113.23,NaN,NaN
853165800,113.63,114.2,108.53999,113.37,NaN,NaN
853770600,112.28999,113.59999,107.26999,111.62,NaN,NaN
854375400,111.62,114.84,109.37,110.2,NaN,NaN
854980200,110.63,113.45,105.84,110.12999,NaN,NaN
855585000,109.48,115.40999,105.67,114.64,NaN,NaN
856189800,114.73,121.15999,112.67999,118.53,NaN,NaN
856794600,119.82001,122.64999,116.59,122.45999,NaN,NaN
857399400,121.71999,121.71999,113.39999,114.20999,NaN,NaN
858004200,114.36,117.09,114.00999,115.14999,NaN,NaN
858609000,114.71001,114.75999,109.98999,109.98999,NaN,NaN
859213800,109.10001,111.73999,104.84999,105.09999,NaN,NaN
859818600,104.7,106.15999,102.40999,103.54999,NaN,NaN
860419800,103.5,104.45999,100.39999,100.71999,NaN,NaN
861024600,101.09,101.28,95.75,97.53,NaN,NaN
861629400,98.06,98.85999,91.17999,92.43999,NaN,NaN
862234200,91.84,96.73999,90.78,96.64999,NaN,NaN
862839000,98.32001,106.78,97.5,106.78,NaN,NaN
863443800,106.78999,108.73999,101.09999,101.40999,NaN,NaN
864048600,99.98,102.51999,99.31999,102.14,NaN,NaN
864653400,102.50999,106.20999,102.31999,104.31,NaN,NaN
865258200,104.05,104.34999,98.09999,101.45999,NaN,NaN
865863000,102.03,105.50999,102.03,104.34999,NaN,NaN
866467800,104.66,105.03,97.31,97.39999,NaN,NaN
867072600,97.14999,98.10999,94.12,95.31,NaN,NaN
867677400,95.21001,98.04999,94.23,94.7,NaN,NaN
868282200,89.67,93.98999,85.78999,93.98999,NaN,NaN
868887000,93.8,97.62999,89.57999,97.09,NaN,NaN
869491800,96.21999,96.26999,92.42999,95.14999,NaN,NaN
870096600,95.35001,98.50999,94.79999,98.09999,NaN,NaN
870701400,97.84,103.37999,94.95999,102.46999,NaN,NaN
871306200,102.60001,103.53999,99.71999,100.67999,NaN,NaN
871911000,100.05,102.28,98.45,101.59,NaN,NaN
872515800,101.02,102.06,98.75,98.87,NaN,NaN
873120600,98.67,99.12999,97.54999,97.98999,NaN,NaN
873725400,97.81,97.81,93.56,94.09,NaN,NaN
874330200,93.57001,96.59999,91.53999,94.84,NaN,NaN
874935000,94.87,103.5,92.79999,102.23,NaN,NaN
875539800,102.5,111.32999,102.5,109.14,NaN,NaN
876144600,108.17999,110.37999,105.06,107.28999,NaN,NaN
876749400,107.05,107.45999,100.42999,101.37999,NaN,NaN
877354200,101.07999,107.26999,96.50999,96.50999,NaN,NaN
877962600,96.07999,96.07999,82.37,87.90999,NaN,NaN
878567400,88.72,90.14999,80.37999,81.39,NaN,NaN
879172200,81.89999,83.2,74.09,77.04999,NaN,NaN
879777000,78.2,78.26999,73.89,76.53,NaN,NaN
880381800,76.41,76.43999,70,70.81999,NaN,NaN
880986600,69.63,71.35001,64.78999,67.28999,NaN,NaN
881591400,67.52,68.21001,63.28,67.73999,NaN,NaN
882196200,68.39,75.78,67.84999,71.21999,NaN,NaN
882801000,71.82001,76.17,71.39999,74.56999,NaN,NaN
883405800,74.25,76.02,70.84,75.34,NaN,NaN
884010600,74.38,74.38,63.50999,63.64999,NaN,NaN
884615400,63.2,72.62,61.23,71.81999,NaN,NaN
885220200,70.12,76.21001,67.87999,76.12999,NaN,NaN
885825000,76.99001,79.00999,74.96999,74.96999,NaN,NaN
886429800,74.94,77.24001,70.64,76.17999,NaN,NaN
887034600,76.64999,77.75,74,76.70999,NaN,NaN
887639400,76.50999,76.75,70.68999,70.96999,NaN,NaN
888244200,69.69,75.58,68.42999,75.45,NaN,NaN
888849000,75.2,75.55,72.62,74.75999,NaN,NaN
889453800,74.56,78.60001,74.25,76.56999,NaN,NaN
890058600,76.3,76.35001,71.12999,71.20999,NaN,NaN
890663400,72.69,84.2,72.68999,83.21999,NaN,NaN
891268200,83.07001,87.35001,80.28999,87.34999,NaN,NaN
891869400,89.03999,91.17,84.78999,85.64,NaN,NaN
892474200,86.06,87.05,83.25999,83.90999,NaN,NaN
893079000,83.87,93.56,83.50999,89.87999,NaN,NaN
893683800,88.98,91.50999,84.17999,85.68999,NaN,NaN
894288600,86.41,87.25,82.31999,84.06999,NaN,NaN
894893400,84.12,86.39,81.48999,84.28999,NaN,NaN
895498200,83.67999,83.67999,80.54999,81.03999,NaN,NaN
896103000,80.13,80.13,74.43999,74.70999,NaN,NaN
896707800,74.07001,74.09,70.96999,72.78,NaN,NaN
897312600,72.74001,78.23,66.50999,68.23,NaN,NaN
897917400,67.67,71.45,66.01999,69.53999,NaN,NaN
898522200,68.8,69.56,67.5,69.56,NaN,NaN
899127000,69.56,71.92,68.34999,68.79999,NaN,NaN
899731800,68.64999,72.31,66.82999,67.46999,NaN,NaN
900336600,67.73,71.13,66.98,70.34,NaN,NaN
900941400,70.60001,71.52,66.00999,66.14999,NaN,NaN
901546200,65.87,66.77,62.45,62.92,NaN,NaN
902151000,63.19,64.03999,61.03999,63.2,NaN,NaN
902755800,62.98,63.28,59.90999,59.90999,NaN,NaN
903360600,60.25,63.77,59.92999,61.65999,NaN,NaN
903965400,61.75999,62.41,51.34,51.40999,NaN,NaN
904570200,52.07001,64.78999,48.67,64.68999,NaN,NaN
905175000,64.74001,71.77,60.64,67.89999,NaN,NaN
905779800,67.14999,68.09,63.48,68.03,NaN,NaN
906384600,68.7,78.74001,64.03,74.10999,NaN,NaN
906989400,72.94,83.59,70.92,82.89,NaN,NaN
907594200,81.03,87.53,75.06999,76.67999,NaN,NaN
908199000,76.53999,76.72,70.56,76.34999,NaN,NaN
908803800,75.74001,75.74001,69.53999,69.70999,NaN,NaN
909412200,69.53999,76.05,67.43999,75.39,NaN,NaN
910017000,75.41,85.05,72.56,79.28,NaN,NaN
910621800,78.74001,82.07001,76.45999,78.21999,NaN,NaN
911226600,78.07001,80.89,74.28,77.05,NaN,NaN
911831400,77.42,79.17999,74.56999,74.60999,NaN,NaN
912436200,73.81,73.81,65.96999,67.15999,NaN,NaN
913041000,69.12,69.77,64.81999,65.85999,NaN,NaN
913645800,66.16,69.81,64.78,64.78,NaN,NaN
914250600,64.84,64.87,60.2,63.40999,NaN,NaN
914855400,63.02,66.00999,60.79999,64.96999,NaN,NaN
915460200,64.64,73.00999,64.56999,72.95,NaN,NaN
916065000,72.75,75.42999,67.34,68.73999,NaN,NaN
916669800,68.37,69.03999,66.37,66.92,NaN,NaN
917274600,67.87,68.2,61.51999,63.25999,NaN,NaN
917879400,63.84,69.06,63.57999,67.95,NaN,NaN
918484200,68.02,69.37,62.87999,66.62,NaN,NaN
919089000,64.63,65.11,61.09999,62.59,NaN,NaN
919693800,62.24001,62.78,59.84999,60.56,NaN,NaN
920298600,60.3,63.02,59.75999,62.09,NaN,NaN
920903400,62.83,67.64999,62.42999,63.37,NaN,NaN
921508200,62.91,62.94,59.56999,62.46999,NaN,NaN
922113000,62.67,63.57001,59.65999,60.75999,NaN,NaN
922717800,60.88,61.08,56.43999,58.78,NaN,NaN
923319000,58.78999,59.23,56.65999,59.23,NaN,NaN
923923800,60.52,67.72,58.93999,67.71999,NaN,NaN
924528600,67.63,69.7,64.75,67.59,NaN,NaN
925133400,67.17,75.69,65.51999,73.42,NaN,NaN
925738200,73.3,82.74001,70.81999,72.04999,NaN,NaN
926343000,70.38,70.89999,67.10999,68.71999,NaN,NaN
926947800,69.14999,69.25,62.00999,63.65999,NaN,NaN
927552600,63.59,64.78,59.62999,60.87,NaN,NaN
928157400,59.89999,62.92999,58.28,62.07999,NaN,NaN
928762200,62.53,62.77,58.81999,62.76999,NaN,NaN
929367000,62.52,63.05,59.95999,61.79999,NaN,NaN
929971800,61.84,63.87,59.5,63.2,NaN,NaN
930576600,63.84,67.25999,63.23,67.06999,NaN,NaN
931181400,65.88,65.88,61.53,62.65999,NaN,NaN
931786200,62.14,62.78999,58.7,59.14,NaN,NaN
932391000,58.97,62.58,57.79999,61.28999,NaN,NaN
932995800,61.06,64.81,60.53,62.87,NaN,NaN
933600600,62.61,66.98,61.57999,64.84999,NaN,NaN
934205400,64.98,72.14999,64.96999,68.93999,NaN,NaN
934810200,67.7,70.03999,65.28999,67.50999,NaN,NaN
935415000,67.31,68.24001,64.98,66.89,NaN,NaN
936019800,67,68.41,65.21999,65.78,NaN,NaN
936624600,66.59,68.11,66.17999,66.62999,NaN,NaN
937229400,66.64,66.75,62.68999,63.78999,NaN,NaN
937834200,63.67999,72.5,63.64999,71.45999,NaN,NaN
938439000,77.42,92.72,77.35999,82.90999,NaN,NaN
939043800,84.75,90.28,76.37,77.09,NaN,NaN
939648600,76.71001,81.19,76.09,77.40999,NaN,NaN
940253400,77.32001,77.39999,70.57999,72.34,NaN,NaN
940858200,72.27,73.95,67.70999,69.54999,NaN,NaN
941466600,68.55,68.96001,66.71999,66.79999,NaN,NaN
942071400,66.38,73.22,65.89999,69.93999,NaN,NaN
942676200,69.83,72.14,67.93999,67.93999,NaN,NaN
943281000,67.67,72.55,65.98,72.09999,NaN,NaN
943885800,69.84,70.03999,64.03999,64.78999,NaN,NaN
944490600,63.64999,67.19,63.21999,63.45999,NaN,NaN
945095400,63.42,68.31,62.67999,67.46999,NaN,NaN
945700200,67.78999,67.8,65.01999,66.56,NaN,NaN
946305000,67.25,69.24001,66.92999,67.96999,NaN,NaN
946909800,67.78999,68.88,65.17999,65.42999,NaN,NaN
947514600,65.52,66.67,63.78999,63.78999,NaN,NaN
948205800,64.74001,66.87,63.25,63.25,NaN,NaN
948724200,63.17999,63.17999,59.04999,59.04999,NaN,NaN
949329000,59.39,68.33,59.15999,68.25,NaN,NaN
949933800,70.86,72.37,63.53999,67.5,NaN,NaN
950538600,67.56,68.7,64.89,68.03999,NaN,NaN
951229800,67.27,69.45,60.03,60.59,NaN,NaN
951748200,60.87,61.5,58.60999,58.89,NaN,NaN
952353000,58.94,63.28,58.56,59.5,NaN,NaN
952957800,60.42,61.17,58.2,58.2,NaN,NaN
953562600,58.85001,61.85001,58.67999,59.82999,NaN,NaN
954167400,59.72,59.77,56.12999,56.5,NaN,NaN
954768600,56.49001,59.38,55.71999,56.10999,NaN,NaN
955373400,56.62,57.88,54.23999,57.75,NaN,NaN
955978200,57.35001,57.97,54.67,55.70999,NaN,NaN
956583000,56.39,57.05,54.26999,54.75,NaN,NaN
957187800,54.42999,63.25999,54.25999,59.92,NaN,NaN
957792600,59.56,61.33,58.25999,59.17999,NaN,NaN
958397400,58.95,61.12,56.48,56.71999,NaN,NaN
959002200,57,59.42999,56.56,56.76999,NaN,NaN
959693400,57.14,59.45,56.25,59.26999,NaN,NaN
960211800,59.84,63.10001,58.15999,58.53999,NaN,NaN
960816600,58.78999,62.62,58.73,60.20999,NaN,NaN
961421400,59.85001,59.87,56.09,56.62,NaN,NaN
962026200,56.58,59.63,56.15999,57.81,NaN,NaN
962631000,57.74001,57.98,54.31999,54.59,NaN,NaN
963235800,54.92,56.96001,54.48,54.64,NaN,NaN
963840600,54.77,55.72,50.71999,50.75,NaN,NaN
964445400,50.95,51.47,50.00999,51.28999,NaN,NaN
965050200,51.11,52.37,49.54999,50.51999,NaN,NaN
965655000,50.59,53.17999,50.31,52.98999,NaN,NaN
966259800,52.83,54.60001,51.7,52.01999,NaN,NaN
966864600,51.87,52.16,50.45999,51.79999,NaN,NaN
967469400,51.59,53.33,50.35999,52.84,NaN,NaN
968160600,52.39999,54.89999,52.10999,54.73999,NaN,NaN
968679000,54.57001,55.00999,51.20999,51.20999,NaN,NaN
969283800,51.50999,51.81,48.45999,49.50999,NaN,NaN
969888600,49.63,51.22,48.82999,49.92,NaN,NaN
970493400,49.53,49.7,45.84,45.98,NaN,NaN
971098200,46.38,48.25999,45.03,45.73999,NaN,NaN
971703000,45.52,46.03,43.15999,43.39,NaN,NaN
972307800,43.42,44.08,41.60999,43.40999,NaN,NaN
972916200,43.49001,45.24001,42.85999,43.62,NaN,NaN
973521000,43.69,44.55,42.85999,43.2,NaN,NaN
974125800,43.06,43.75999,41.84999,41.84999,NaN,NaN
974730600,42.13,45.21001,42.06999,44.51999,NaN,NaN
975335400,44.84,48.69,44.84,48.60999,NaN,NaN
975940200,49.03999,51.27,47.73,51.06999,NaN,NaN
976545000,50.44,50.44,47.48,49.42999,NaN,NaN
977149800,49.19,53.23,49.17999,52.39,NaN,NaN
977841000,52.39,52.94,51.04999,51.40999,NaN,NaN
978445800,51.35001,53.08,49.10999,49.23,NaN,NaN
978964200,49.45,50.28999,47.78999,48.89,NaN,NaN
979655400,49.02,49.25,47.96999,48.92,NaN,NaN
980173800,49.10001,51.99001,47.67999,48.50999,NaN,NaN
980778600,48.66,49.75,47.43999,48.87999,NaN,NaN
981383400,48.72,48.72,46.34,46.65999,NaN,NaN
981988200,46.83,47.67999,45.64,47.37999,NaN,NaN
982679400,47.28,50.81,46.25,50.23,NaN,NaN
983197800,50.39,54.3,50.37999,52.34999,NaN,NaN
983802600,52.16,57.42,51.93999,55.00999,NaN,NaN
984407400,55.61,56.39,48.37,48.37,NaN,NaN
985012200,48.82001,50.39,48.67,48.89,NaN,NaN
985617000,48.98,49.19,46.18999,47.56999,NaN,NaN
986218200,47.33,51.24001,46.04999,50.40999,NaN,NaN
986823000,50.58,51.59,50.03,51.59,NaN,NaN
987427800,51.77,53.37,50.39,52.03999,NaN,NaN
988032600,51.87,55.75999,51.34999,55.75999,NaN,NaN
988637400,55.7,57,54.31999,54.78,NaN,NaN
989242200,54.71001,60.19,54.59,58.51999,NaN,NaN
989847000,58.41,66.53999,57.93999,65.26999,NaN,NaN
990451800,65.57001,66.3,59.20999,60.98999,NaN,NaN
991143000,60.48,60.48,56.81999,58.12,NaN,NaN
991661400,58.60001,59.05,56.48999,58.78,NaN,NaN
992266200,58.14,60.39,57.00999,58.37,NaN,NaN
992871000,58.48,59.25,54.57999,55.2,NaN,NaN
993475800,56.10001,56.5,53.09999,53.25,NaN,NaN
994080600,53.11,53.16,51.29999,51.78999,NaN,NaN
994685400,51.75999,54.96001,51.53,53.85999,NaN,NaN
995290200,53.91,56.14999,52.92,55.76999,NaN,NaN
995895000,55.63,56.58,53.59999,54.59999,NaN,NaN
996499800,54.39,54.39,52.28999,52.73999,NaN,NaN
997104600,52.67,56.14999,52.32999,55.14999,NaN,NaN
997709400,55.19,58.44,54.70999,57.56,NaN,NaN
998314200,57.13,58.39,56.42999,58.25999,NaN,NaN
998919000,58.11,58.11,56.20999,56.56,NaN,NaN
999610200,56.2,56.28999,54.48,55.03,NaN,NaN
1000128600,54.69,55.78,54.57999,55.5,NaN,NaN
1000733400,57.50999,60.44,55.75999,58.2,NaN,NaN
1001338200,57.63,58.63,55.64,57.78999,NaN,NaN
1001943000,57.44,59.64999,56.42999,57.96999,NaN,NaN
1002547800,58.44,58.82001,51.87999,54.43999,NaN,NaN
1003152600,54.22,56.24001,52.73999,52.73999,NaN,NaN
1003757400,52.49001,54.21001,51.45,52.93999,NaN,NaN
1004365800,53.13,55.84,52.98999,55.82999,NaN,NaN
1004970600,55.39,56.59,53.85999,54.71999,NaN,NaN
1005575400,55.41,56.14,50.01999,50.90999,NaN,NaN
1006180200,50.81,50.84,49.23,49.82999,NaN,NaN
1006785000,49.99001,52.74001,49.73999,52.56999,NaN,NaN
1007389800,52.8,54.28,52.51999,52.89,NaN,NaN
1007994600,52.92999,55.73,51.75,55.73,NaN,NaN
1008599400,55.59,56.85001,54.40999,54.98,NaN,NaN
1009204200,54.86,55.52,53.51999,53.56,NaN,NaN
1009809000,53.53999,56.03,53.39,55.95,NaN,NaN
1010413800,56.03,59,55.64999,58.5,NaN,NaN
1011018600,58.2,61.03999,58.03999,58.34,NaN,NaN
1011709800,57.96001,59.34,56.84999,59.14,NaN,NaN
1012228200,59.03999,63.72,58.43999,62.79999,NaN,NaN
1012833000,63.62,69.81,63.62,68.23999,NaN,NaN
1013437800,66.61,69.66,64.56,67.39999,NaN,NaN
1014129000,66.36,67.53999,62.89,64.67999,NaN,NaN
1014647400,64.44,66.57001,63.46999,65.60999,NaN,NaN
1015252200,65.59,66.23,60.45,60.89999,NaN,NaN
1015857000,62.00999,64.39,61.48,61.92,NaN,NaN
1016461800,62.33,68.25999,62.23999,67.85999,NaN,NaN
1017066600,67.99001,72.22,67.90999,70.89,NaN,NaN
1017671400,70.64999,73.48,67.90999,68.40999,NaN,NaN
1018272600,69.28,70.94,66.7,69.78999,NaN,NaN
1018877400,69.78999,73.78999,68.39999,72.21999,NaN,NaN
1019482200,72.49001,77.53999,71.65999,77.5,NaN,NaN
1020087000,76.75,78.94,73.2,78.35999,NaN,NaN
1020691800,78.42999,80.34,75.81,79.89999,NaN,NaN
1021296600,79.56,80.78,75.64,80.67,NaN,NaN
1021901400,80.75999,88.02,80.04999,85.84,NaN,NaN
1022592600,85.74001,89.03,82.75,84.23999,NaN,NaN
1023111000,83.95,89.11,78.75,78.75,NaN,NaN
1023715800,77.99001,78.28,73.21999,76.98999,NaN,NaN
1024320600,76.00999,79.78999,73.40999,78.15999,NaN,NaN
1024925400,79.45,80.91,71.01999,71.45999,NaN,NaN
1025530200,71.5,75.2,69.62,69.62,NaN,NaN
1026135000,71.21001,78.71001,70.23,76.07999,NaN,NaN
1026739800,76.87,77.86,69.57999,71.28999,NaN,NaN
1027344600,71.14999,71.49001,54.67,55.73,NaN,NaN
1027949400,56.17,63.75999,55.89999,63.23,NaN,NaN
1028554200,63.85001,66.96001,59.12999,66.12999,NaN,NaN
1029159000,66.73,67.49001,63.40999,65.75,NaN,NaN
1029763800,64.61,64.75999,61.12999,62.03,NaN,NaN
1030368600,62.97,70.31,62.89999,69.45999,NaN,NaN
1031059800,70.66,73.45,68.51999,73.12999,NaN,NaN
1031578200,74.64999,76.71001,71,75.89999,NaN,NaN
1032183000,75.89999,77.34,72.79999,75.37999,NaN,NaN
1032787800,75.48,75.92999,67.2,68.60999,NaN,NaN
1033392600,70.28,71.21001,66.20999,67.04999,NaN,NaN
1033997400,66.8,67.14999,58.73,62.51999,NaN,NaN
1034602200,63.36,63.60001,59.03999,60.18999,NaN,NaN
1035207000,60.57001,63.47,59.73999,62.31,NaN,NaN
1035815400,63.25999,66.66,63.14999,66.40999,NaN,NaN
1036420200,65.83,71,65.65999,68.92,NaN,NaN
1037025000,69.05,69.11,65.10999,68.96999,NaN,NaN
1037629800,68.53999,68.89999,63.95999,64.67,NaN,NaN
1038234600,63.78,64.23,61.64,63.37999,NaN,NaN
1038839400,62.7,71.32001,62.2,71.28999,NaN,NaN
1039444200,71.39999,77.46001,68.48999,77.10999,NaN,NaN
1040049000,76.64999,79.25999,72.76999,74.87999,NaN,NaN
1040653800,75.49001,79.64,75.48999,78.51999,NaN,NaN
1041258600,77.88,80.77,75.12999,79.50999,NaN,NaN
1041863400,80.21001,81.17999,75.31,78.12999,NaN,NaN
1042468200,77.42,78.47,72.81,75.42999,NaN,NaN
1043159400,74.86,82.89,74.42999,82.2,NaN,NaN
1043677800,81.89999,82.82001,76.48,77,NaN,NaN
1044282600,77.16,80.25,74.37999,74.54999,NaN,NaN
1044887400,74.32001,75.17999,71.09,72.14999,NaN,NaN
1045578600,71.94,74.97,70.89999,72.04999,NaN,NaN
1046097000,73.25999,73.53999,69.56,71.98999,NaN,NaN
1046701800,70.92999,70.96001,67.32999,67.43999,NaN,NaN
1047306600,67.67,67.8,62.07999,65.62999,NaN,NaN
1047911400,67.12,67.42999,62.67999,63.14999,NaN,NaN
1048516200,64.67999,66.74001,62.12999,66.73999,NaN,NaN
1049121000,67.37,68.56,63.5,64.73999,NaN,NaN
1049722200,63.45,66.39,62.75,65.73,NaN,NaN
1050327000,65.45,68.11,65,67.00999,NaN,NaN
1050931800,67.39,69.71001,65.45,65.53,NaN,NaN
1051536600,65.98,68.17,63.78999,67.54999,NaN,NaN
1052141400,67.61,70.71001,67.60999,70.68999,NaN,NaN
1052746200,71.44,73.16,70.25,71.71999,NaN,NaN
1053351000,72.61,75.78,72.60999,73.98999,NaN,NaN
1054042200,75.27,76.05,71.15999,73.45999,NaN,NaN
1054560600,72.96001,78.36,72.42,77.07999,NaN,NaN
1055165400,77.31,78.97,74.14999,78.28999,NaN,NaN
1055770200,78.78999,82.69,78.37,80.64999,NaN,NaN
1056375000,80.28,80.28,75.87999,77.53999,NaN,NaN
1056979800,77.24001,81.48,77.15999,79.81,NaN,NaN
1057584600,79.14999,79.14999,76.85999,78.09,NaN,NaN
1058189400,78.39,79.17999,73.40999,74.87999,NaN,NaN
1058794200,75.28999,84.28,75.28,84.26999,NaN,NaN
1059399000,84.33,84.87,79.71999,80.23,NaN,NaN
1060003800,80.36,86.44,80.14999,86.43999,NaN,NaN
1060608600,87.00999,88.81,85.20999,87.57999,NaN,NaN
1061213400,86.82001,91.42,86,86.78,NaN,NaN
1061818200,86.98,93,85.32999,91,NaN,NaN
1062509400,91.00999,94.17999,89.01999,93.45,NaN,NaN
1063027800,93.33,96.46001,91.71999,92.34,NaN,NaN
1063632600,92.33,96.12,90.92999,95.37999,NaN,NaN
1064237400,96.66,98.49001,89.54999,89.65999,NaN,NaN
1064842200,89.98,93.23,87.79999,88.62999,NaN,NaN
1065447000,88.8,92.56,87.89999,91.06,NaN,NaN
1066051800,90.83,94.64,90.29999,91.85999,NaN,NaN
1066656600,92.47,98.67,92.12,97.89999,NaN,NaN
1067265000,97.42999,100.39999,96.48,98.07999,NaN,NaN
1067869800,97.88,98.36,93.87999,97.39,NaN,NaN
1068474600,97.5,102.97,96.17999,102.2,NaN,NaN
1069079400,102.2,105.17,98.25,104.45999,NaN,NaN
1069684200,103.67,109.86,101.56,109.65999,NaN,NaN
1070289000,110.7,112.75,108.18999,111.32999,NaN,NaN
1070893800,111.34,111.59,101.45,106.67,NaN,NaN
1071498600,105.61,108.59,102.32999,102.48999,NaN,NaN
1072103400,103.14999,107.00999,101.48999,106.76999,NaN,NaN
1072708200,108.53999,110.73,107.62,109.48,NaN,NaN
1073313000,111.39999,113.41,107.46999,110.53999,NaN,NaN
1073917800,110.39,110.39,96.10999,98.51999,NaN,NaN
1074609000,99.71001,103.11,97.78999,97.78999,NaN,NaN
1075127400,98.12,101.28999,92.78,95.57999,NaN,NaN
1075732200,95.42999,101.09,93.00999,100.89999,NaN,NaN
1076337000,101.53999,104.87,100.37999,102.15999,NaN,NaN
1077028200,103.69,105.24001,96.53,97.54999,NaN,NaN
1077546600,98.17,100.47,96.51999,99.79999,NaN,NaN
1078151400,101.17999,101.98,95.56999,101.98,NaN,NaN
1078756200,101.67999,102.39999,95.59999,98.53,NaN,NaN
1079361000,98.64,102.64999,95.90999,101.42999,NaN,NaN
1079965800,102.84,103.49001,98.90999,102.53999,NaN,NaN
1080570600,102.97,106.36,101.67999,104.29999,NaN,NaN
1081171800,103.39999,103.60001,101.34999,101.62,NaN,NaN
1081776600,101.83,102.48,93.12,95.17999,NaN,NaN
1082381400,95.55,95.8,87.09,88.12,NaN,NaN
1082986200,88.84,90.46001,81.2,81.93999,NaN,NaN
1083591000,81.91,86.64999,77.89,78.03,NaN,NaN
1084195800,77.14999,83.88,76.78999,81.20999,NaN,NaN
1084800600,82.32001,86.44,80.71999,85.81999,NaN,NaN
1085405400,86.03999,91.31,85.26999,89.81,NaN,NaN
1086096600,90.39,90.96001,85.5,87.46999,NaN,NaN
1086615000,87.78999,89.03,83.03,83.82999,NaN,NaN
1087219800,82.89,87.03,80.32999,85.98999,NaN,NaN
1087824600,86.49001,89.39,84.70999,88.43999,NaN,NaN
1088429400,89.03999,89.75,84.29999,87.23999,NaN,NaN
1089120600,87.61,91.89999,85.62,91.84999,NaN,NaN
1089639000,91.85001,91.85001,88.79999,89.65999,NaN,NaN
1090243800,89.39,89.53999,84.03,84.03,NaN,NaN
1090848600,84.55,87.72,81.39999,86.96999,NaN,NaN
1091453400,87.31,88.77,84.12,86.67,NaN,NaN
1092058200,86.62,87.94,84.39999,87.84,NaN,NaN
1092663000,88.49001,96.24001,88.48999,95.81999,NaN,NaN
1093267800,95.10001,95.10001,91.62,94.37,NaN,NaN
1093872600,94.73,95.44,92.28,92.92999,NaN,NaN
1094563800,91.67,93.92999,90.89999,92.75,NaN,NaN
1095082200,92.53999,94.94,92.09999,92.31,NaN,NaN
1095687000,92.25999,97.28,92.25999,96.29999,NaN,NaN
1096291800,96.53,102.25,96.03,101.06,NaN,NaN
1096896600,99.88,105.07001,98.18999,104.25999,NaN,NaN
1097501400,104,104,96.46999,99.89,NaN,NaN
1098106200,100.52,103.14,97.76999,102.35999,NaN,NaN
1098711000,103.8,105.98,101.51999,103.42,NaN,NaN
1099319400,103.25999,106.94,98.67999,106.85999,NaN,NaN
1099924200,106.57001,108.67,104.59999,108.59,NaN,NaN
1100529000,108.55,111.5,106.78999,109.67999,NaN,NaN
1101133800,109.89,110.25,107.12,109.87,NaN,NaN
1101738600,109.57001,110.75999,102.09999,103.84999,NaN,NaN
1102343400,103.02,103.48,95.92999,98.31999,NaN,NaN
1102948200,98.78,101.31,98,98.32999,NaN,NaN
1103553000,98.81,100.35001,98.62,99.29999,NaN,NaN
1104157800,99.64,100.53,97.81,99.34999,NaN,NaN
1104762600,97.88,97.88,92.59,93.39,NaN,NaN
1105367400,93.61,96.35001,92.92999,93.25,NaN,NaN
1106058600,92.73,95.37,92.54999,95.06,NaN,NaN
1106577000,95.2,95.67,91.23,91.57999,NaN,NaN
1107181800,91.31,92.58,89.81999,91.09,NaN,NaN
1107786600,91.17999,95.52,87.59999,94.89999,NaN,NaN
1108391400,95.64,96.75999,93.62999,96.28999,NaN,NaN
1109082600,97.73,99.92999,97.65999,98.87999,NaN,NaN
1109601000,99.44,100.07001,95.98,99.79999,NaN,NaN
1110205800,99.84,103.8,98.81,101.89,NaN,NaN
1110810600,101.25,102.38,99.98,100.54999,NaN,NaN
1111415400,98.97,98.99001,92.87999,92.96999,NaN,NaN
1112020200,92.89999,94.67,91.78,94.00999,NaN,NaN
1112621400,93.58,94.39999,92.06999,92.89,NaN,NaN
1113226200,93.27,93.56,86.25,86.39,NaN,NaN
1113831000,86.55,91.59,86.53999,88.39,NaN,NaN
1114435800,88.09,89.48,81.78999,83.50999,NaN,NaN
1115040600,83.35001,86.42,82.51999,85.67,NaN,NaN
1115645400,85.78,86.42999,78.65999,78.98999,NaN,NaN
1116250200,78.85001,82.88,78.23,80.73,NaN,NaN
1116855000,80.61,86.60001,80.60999,86.45999,NaN,NaN
1117546200,85.08,90.14,84.48999,88.14999,NaN,NaN
1118064600,88.72,89.39999,84.12999,88.53999,NaN,NaN
1118669400,88.67,93.78,87.50999,92.90999,NaN,NaN
1119274200,93.08,93.42999,90.17999,92.59999,NaN,NaN
1119879000,92.47,95.10001,90.59999,93.37999,NaN,NaN
1120570200,92.72,93.34,90.67,92.17,NaN,NaN
1121088600,92.53999,95.07001,89.84,90.09,NaN,NaN
1121693400,90.03,93.37,89.01999,93.17999,NaN,NaN
1122298200,93.24001,93.28,90.26999,90.75999,NaN,NaN
1122903000,91.13,97.33,90.75999,94.87,NaN,NaN
1123507800,94.83,100.52,93.03,99.95999,NaN,NaN
1124112600,99.99001,100.39999,95.20999,96.21999,NaN,NaN
1124717400,96.45,97.82001,93.45999,93.87,NaN,NaN
1125322200,94.17,99.94,92.67999,99.00999,NaN,NaN
1126013400,99.27,102.89,97.98,102.59999,NaN,NaN
1126531800,102.58,110.53999,100.56999,110.53999,NaN,NaN
1127136600,111.57001,113.25999,107.59,109.40999,NaN,NaN
1127741400,109.38,115.24001,107.14,112.92,NaN,NaN
1128346200,112.52,112.98,106.98,112.85999,NaN,NaN
1128951000,113,114.25,104.92,106.95,NaN,NaN
1129555800,108.32001,109.92999,101.06,104.92999,NaN,NaN
1130160600,104.92999,110.85001,104.23999,106.79999,NaN,NaN
1130769000,108.09,108.81,104.79999,105.82999,NaN,NaN
1131373800,105.75,111.3,105.48999,111.28999,NaN,NaN
1131978600,110.44,116.60001,107.84999,115.09999,NaN,NaN
1132583400,116.58,119.27,115.53999,118.65999,NaN,NaN
1133188200,118.77,119.48,114.5,116.23,NaN,NaN
1133793000,117,126.03999,115.28999,122.93999,NaN,NaN
1134397800,125.75999,127,119.64,122.35999,NaN,NaN
1135002600,124.23,126.13,118.62,125.01999,NaN,NaN
1135693800,126.48,129.60001,124.28999,128.03,NaN,NaN
1136298600,130.97,140.13,130.96999,139.85999,NaN,NaN
1136817000,138.41,141.97,136.67999,141.96999,NaN,NaN
1137508200,141.77,144.34,137.26999,140.12999,NaN,NaN
1138026600,141.19,148.78,138.50999,146.78999,NaN,NaN
1138631400,147.95,156.47,146.93999,147.75,NaN,NaN
1139236200,149.42999,153.8,136.78,138.65999,NaN,NaN
1139841000,137.49001,141.32001,133.28999,138.92999,NaN,NaN
1140532200,141.32001,141.95,136.95,140.50999,NaN,NaN
1141050600,138.53,140.19,132.67,137.14999,NaN,NaN
1141655400,136.41,136.42999,121.75999,126.79999,NaN,NaN
1142260200,127.19,133.2,126.06,131.73999,NaN,NaN
1142865000,132.39999,133.82001,127.15999,133.39999,NaN,NaN
1143469800,134.78999,144.61,134.15999,141.62,NaN,NaN
1144071000,143.66,149.33,142.06,145.46999,NaN,NaN
1144675800,148.25999,148.41,141.23999,145.46999,NaN,NaN
1145280600,148.64,159.98,148.34,155.31999,NaN,NaN
1145885400,153.33,158.63,151.73999,158.10999,NaN,NaN
1146490200,160.60001,163.63,155.81,161.89,NaN,NaN
1147095000,159.50999,171.71001,157.28999,159.40999,NaN,NaN
1147699800,152.49001,153.28,134.26999,140.03999,NaN,NaN
1148304600,136.17999,145.50999,133.12999,142.59,NaN,NaN
1148995800,144.92999,145.96001,137.12999,143.64,NaN,NaN
1149514200,144.72,145.82001,123.26999,128.42,NaN,NaN
1150119000,129.62,130.73,119.10999,128.06,NaN,NaN
1150723800,127.28999,134.25999,124.23999,133.39999,NaN,NaN
1151328600,134.88,144.5,130.12999,143.56999,NaN,NaN
1151933400,146.64,149.41,144.12999,145.25,NaN,NaN
1152538200,143.91,150.7,142.40999,145.04999,NaN,NaN
1153143000,143.34,144.38,133.32999,133.43999,NaN,NaN
1153747800,132.39999,144.00999,130.39999,141.62,NaN,NaN
1154352600,141.2,149.03999,139.84999,144.87999,NaN,NaN
1154957400,146.17999,149.47,142.25,142.25,NaN,NaN
1155562200,141.3,144.61,137.81999,140.76999,NaN,NaN
1156167000,143.10001,150.7,142.89999,146.39,NaN,NaN
1156771800,146.41,148.45,141.32999,147.48999,NaN,NaN
1157463000,147.52,153.14999,140.78999,140.81,NaN,NaN
1157981400,140.72,140.72,123.76999,126.37999,NaN,NaN
1158586200,126.38,130.49001,123.43999,125.81,NaN,NaN
1159191000,125.81,132.03999,121.75,128.42,NaN,NaN
1159795800,129.77,131.44,117.43999,124.2,NaN,NaN
1160400600,125.5,129.25,121.73,129.03,NaN,NaN
1161005400,129.96001,131.56,126.65999,128.78999,NaN,NaN
1161610200,127.28999,135.84,126.73999,133.01999,NaN,NaN
1162218600,133.72,140.56,133.70999,139.34999,NaN,NaN
1162823400,139.35001,142.61,135.37,138.95,NaN,NaN
1163428200,136.14999,140.3,130.85999,133.18999,NaN,NaN
1164033000,134.52,143.14999,132.42,141.59,NaN,NaN
1164637800,143.21001,149.53999,141.42,147.67999,NaN,NaN
1165242600,148.13,149.95,143.07999,143.59999,NaN,NaN
1165847400,144,145.96001,141.28999,142.92999,NaN,NaN
1166452200,142.92999,144.19,137.14999,138.48999,NaN,NaN
1167143400,140.17,143.82001,138.70999,142.25,NaN,NaN
1167834600,143,143.64,131.00999,133.03999,NaN,NaN
1168266600,133.16,135.10001,129.03999,134.78,NaN,NaN
1168957800,134.28999,135.67999,130.95,133.12,NaN,NaN
1169476200,133.34,142.13,130.95,138.64999,NaN,NaN
1170081000,137.46001,142.8,135.87,138.87999,NaN,NaN
1170685800,139.42999,144.08,138.37999,141.67,NaN,NaN
1171290600,141.27,144.86,139.39,143.12,NaN,NaN
1171981800,140.87,148.11,139.64999,145.81999,NaN,NaN
1172500200,148.00999,148.09,131.85999,132.34999,NaN,NaN
1173105000,129.58,134.75,128.82999,132.03999,NaN,NaN
1173706200,131.92999,135.27,126.34999,133.31,NaN,NaN
1174311000,134.91,139.62,126.65999,137.78,NaN,NaN
1174915800,138.66,139.35001,135.89,137.00999,NaN,NaN
1175520600,137.17999,144.16,136.42,142.60999,NaN,NaN
1176125400,142.62,147.17,142.25999,147.01999,NaN,NaN
1176730200,147.03999,148.5,141.70999,143.65999,NaN,NaN
1177335000,143.66,144.25999,138.65999,139.70999,NaN,NaN
1177939800,139.71001,144.00999,135,141.84999,NaN,NaN
1178544600,141.89999,144.37,137.43999,139.75999,NaN,NaN
1179149400,139.75999,140.48,133.67999,136.75,NaN,NaN
1179754200,136.75,139.55,134.34999,135.79999,NaN,NaN
1180445400,135.67999,142.61,133.53,142.42,NaN,NaN
1180963800,142.42,142.45,132.59999,135.39,NaN,NaN
1181568600,135.39,140.88,133.78999,140.76999,NaN,NaN
1182173400,140.8,141.7,136.48,139.17,NaN,NaN
1182778200,139.17,139.17,130.82999,135.95,NaN,NaN
1183383000,135.96001,145.45,135.95999,145,NaN,NaN
1183987800,145,152.19,145,151.07999,NaN,NaN
1184592600,151.08,159.16,148.28999,158.39,NaN,NaN
1185197400,158.39999,159,143.34,144.81,NaN,NaN
1185802200,144.81,152.60001,142.73999,143.71999,NaN,NaN
1186407000,143.71001,147.95,138.29999,144.32999,NaN,NaN
1187011800,144.33,145.23,120.40999,129.35999,NaN,NaN
1187616600,129.36,139.67999,129.34,139.42999,NaN,NaN
1188221400,139.42999,141.61,132.59999,140.76999,NaN,NaN
1188912600,140.73,153.17,140.62,151.53,NaN,NaN
1189431000,151.59,159.99001,149.20999,158,NaN,NaN
1190035800,158.03999,173.17,156.95999,171.54999,NaN,NaN
1190640600,171.58,172.99001,162.92999,168.75,NaN,NaN
1191245400,168.74001,173.09,163.48999,171.26999,NaN,NaN
1191850200,171.25,182.36,167.37999,179.03999,NaN,NaN
1192455000,179.11,182.82001,172.25999,173.89999,NaN,NaN
1193059800,173.78,182.96001,166.71999,182.40999,NaN,NaN
1193664600,182.41,188.28,180.12,187.62999,NaN,NaN
1194273000,187.62,195.5,184.12,186.73,NaN,NaN
1194877800,186.63,186.63,168.48999,172.67,NaN,NaN
1195482600,172.64999,176.12,163.48,176.06999,NaN,NaN
1196087400,176.14999,177.45,165.56999,171.06999,NaN,NaN
1196692200,171.06,175.48,169.32999,174.39,NaN,NaN
1197297000,174.41,179.2,164.64,165.79999,NaN,NaN
1197901800,165.74001,168.25999,157.42,167.95999,NaN,NaN
1198506600,167.95,176.42,167.95,176.32999,NaN,NaN
1199111400,176.3,192.46001,172.68999,186.23,NaN,NaN
1199716200,186.22,195.50999,180.79999,193.54999,NaN,NaN
1200321000,193.53999,199.25,170.81,177.29999,NaN,NaN
1201012200,177.11,191.58,167.48999,185.53999,NaN,NaN
1201530600,185.53999,192.77,182.76999,184.60999,NaN,NaN
1202135400,184.61,184.83,172.35999,181.25,NaN,NaN
1202740200,181.25,183.5,174.48999,177.31999,NaN,NaN
1203431400,177.34,195.57001,177.34,189.93999,NaN,NaN
1203949800,189.97,203.45,185.87999,196.57999,NaN,NaN
1204554600,196.64999,204.25999,192.35999,196.51999,NaN,NaN
1205155800,196.47,209.27,188.71999,206.37,NaN,NaN
1205760600,206.37,206.53999,168.71999,172.00999,NaN,NaN
1206365400,172.03999,184.98,170.75,180.26999,NaN,NaN
1206970200,180.28,185.13,169.73999,184.67999,NaN,NaN
1207575000,184.67999,189.57001,181.21999,181.68999,NaN,NaN
1208179800,181.69,195.12,180.31,188.50999,NaN,NaN
1208784600,188.64,190.22,172.17,176.06,NaN,NaN
1209389400,176.06,178.72,162.87999,169.04999,NaN,NaN
1209994200,169.08,182.75,169.07999,179.62999,NaN,NaN
1210599000,179.64,188.28,174.62,187.87,NaN,NaN
1211203800,187.94,196.75,186.56999,188.09999,NaN,NaN
1211895000,188.03999,188.03999,177.14,181.43999,NaN,NaN
1212413400,181.42999,186.06,174.40999,183.7,NaN,NaN
1213018200,183.7,186.87,172.14999,175.45999,NaN,NaN
1213623000,175.53,184.10001,175.53,178.59999,NaN,NaN
1214227800,178.55,196.52,174.78,194.48999,NaN,NaN
1214832600,194.49001,199.75,183.92,188.73,NaN,NaN
1215437400,188.72,195.83,179.00999,194.92999,NaN,NaN
1216042200,194.95,206.21001,184.98999,187.92,NaN,NaN
1216647000,188.02,192.84,170.06,173.51999,NaN,NaN
1217251800,173.53999,178.56,161.59,162.53999,NaN,NaN
1217856600,162.55,162.56,143.31,144.46999,NaN,NaN
1218461400,144.45,149.42999,134.01999,137.37999,NaN,NaN
1219066200,137.39999,154.12,137.07999,148.82999,NaN,NaN
1219671000,148.83,155.16,146,149.21999,NaN,NaN
1220362200,149.12,149.12,125.28,129.64,NaN,NaN
1220880600,129.74001,133.47,110.7,127.09999,NaN,NaN
1221485400,127.08,139.8,113.50999,139.39,NaN,NaN
1222090200,142.00999,149.94,136.51999,138.28999,NaN,NaN
1222695000,138.25999,138.92999,110.07999,112.09,NaN,NaN
1223299800,112.09,122.25999,96.37999,100.56,NaN,NaN
1223904600,100.85001,112.46001,82.00999,85.84999,NaN,NaN
1224509400,85.86,95.34,63.51999,70.85999,NaN,NaN
1225114200,70.86,86.52,64.09999,81.06,NaN,NaN
1225722600,82.42,94.74001,80.5,85.15999,NaN,NaN
1226327400,90.28,91.81,69.45999,80.2,NaN,NaN
1226932200,78.64999,89.16,67.48,88.79999,NaN,NaN
1227537000,94.19,101.92999,90.06,101.59,NaN,NaN
1228141800,95.64999,95.66,79.64999,87.57999,NaN,NaN
1228746600,94.12,113.49001,92.54999,108.23999,NaN,NaN
1229351400,110.62,126.47,107.65999,112.75,NaN,NaN
1229956200,115.53,119.50999,107.56,118.37999,NaN,NaN
1230561000,120.52,127.17999,118.81999,123.42999,NaN,NaN
1231165800,117.87,123.78,110.04999,114.53,NaN,NaN
1231770600,110.3,114.53,100.73999,113.78,NaN,NaN
1232461800,114.39999,127.14,110.23,125.93999,NaN,NaN
1232980200,130.38,131.45,117.73999,124.00999,NaN,NaN
1233585000,123.71001,130.46001,117.89999,129.71999,NaN,NaN
1234189800,129.48,133.78,121.75999,130.87999,NaN,NaN
1234881000,130.74001,135.28999,127.18999,132.64,NaN,NaN
1235399400,132.67,132.67999,115.95999,119.12,NaN,NaN
1236004200,119.13,123.31,107.31,119.56,NaN,NaN
1236605400,119.11,122.71001,108.17999,122.21999,NaN,NaN
1237210200,122.33,137.96001,113.34,136.31,NaN,NaN
1237815000,136.72,142.14,132.29999,136.14,NaN,NaN
1238419800,135.7,140.78999,126.06999,127.56,NaN,NaN
1239024600,126.88,126.88,120.70999,122.75999,NaN,NaN
1239629400,122.94,126.7,114.34,114.98999,NaN,NaN
1240234200,115.21001,126.27,114.35999,125.73999,NaN,NaN
1240839000,125.49001,125.55,118.51999,120.43999,NaN,NaN
1241443800,120.50999,138.8,120.50999,138.28999,NaN,NaN
1242048600,138.09,143.27,134.31999,136.78999,NaN,NaN
1242653400,136.78999,153.94,133.42,151.39999,NaN,NaN
1243344600,151.28999,162.21001,146.59999,160.15999,NaN,NaN
1243863000,161.33,163.34,149.10999,150.67,NaN,NaN
1244467800,149.64999,153.75,144.29999,145.12,NaN,NaN
1245072600,144.07001,144.37,136.21999,141.64,NaN,NaN
1245677400,140.59,146.97,130.53999,143.79999,NaN,NaN
1246282200,144.16,146.37,138.23999,140,NaN,NaN
1246887000,138.82001,138.89,126.82999,129.98999,NaN,NaN
1247491800,129.72,145.11,125.60999,144.35999,NaN,NaN
1248096600,146.64,151.92,144.59999,149.5,NaN,NaN
1248701400,149.78,151.21001,138.06,148.62,NaN,NaN
1249306200,150.06,156.62,148.7,148.93999,NaN,NaN
1249911000,148.66,150.03999,142.89,145.89,NaN,NaN
1250515800,144.47,148.84,137.56,147.37,NaN,NaN
1251120600,147.82001,151.81,141.95,150.48999,NaN,NaN
1251725400,149.89999,167.09,143.34999,166.25,NaN,NaN
1252416600,167.60001,173.60001,159.87,169.07999,NaN,NaN
1252935000,168.21001,176.17999,165.31,168.03,NaN,NaN
1253539800,166.88,171.39999,157.46999,158.50999,NaN,NaN
1254144600,158.53,167.14,155.18999,157.17,NaN,NaN
1254749400,157.42,179.84,157.23999,176.37999,NaN,NaN
1255354200,177.12,180.92999,174.09999,176.5,NaN,NaN
1255959000,176.87,179.83,171.17999,172.09,NaN,NaN
1256563800,172.28999,174.92,152.34999,156.64,NaN,NaN
1257172200,157.88,176.25999,154.37999,173.84,NaN,NaN
1257777000,174.98,185.50999,174.93999,180.98999,NaN,NaN
1258381800,182.53,189.53999,179.59,184.28,NaN,NaN
1258986600,186.00999,191.92,180.62,183.51999,NaN,NaN
1259591400,183.03,198.32001,178.45999,181.95999,NaN,NaN
1260196200,180.41,182.63,171.23,172.43999,NaN,NaN
1260801000,173.25,175.39999,163.37,167.03999,NaN,NaN
1261405800,167.56,173.22,163.56,172.00999,NaN,NaN
1262010600,172.73,173.85001,167.01999,168.25,NaN,NaN
1262615400,169.55,182.64,169.54999,181.73999,NaN,NaN
1263220200,183.2,186.48,171.78999,172.78,NaN,NaN
1263911400,172.96001,174.00999,156.03,158.78,NaN,NaN
1264429800,159.31,160.73,147.37999,147.92999,NaN,NaN
1265034600,148.3,158.64999,144.54999,154.25,NaN,NaN
1265639400,154.44,161.14999,149.10999,159.59999,NaN,NaN
1266330600,160.13,166.72,160.12999,164.43999,NaN,NaN
1266849000,164.61,165.49001,152.53,161.39,NaN,NaN
1267453800,161.39999,172.24001,160.31999,170.81,NaN,NaN
1268058600,171.00999,172.73,163.45,166.03999,NaN,NaN
1268659800,165.82001,171.92,163.37,165.98999,NaN,NaN
1269264600,165.36,168.34,158.14,161.40999,NaN,NaN
1269869400,162.42,171.38,162.37999,171.28,NaN,NaN
1270474200,171.7,178.21001,171.03,177,NaN,NaN
1271079000,176.44,178.31,166.20999,168.67,NaN,NaN
1271683800,168.05,172.91,165.23,172.42999,NaN,NaN
1272288600,172.87,182.24001,168.79999,179.01999,NaN,NaN
1272893400,179.61,180.74001,169.04999,171.87999,NaN,NaN
1273498200,172.28,189.17999,172.28,183.79999,NaN,NaN
1274103000,183.75,183.78999,161.98999,166.10999,NaN,NaN
1274707800,166.75999,176.16,164.45999,173.92999,NaN,NaN
1275399000,173.7,177.97,168.42,169.06,NaN,NaN
1275917400,169.06,177.39,167.5,175.31,NaN,NaN
1276522200,175.88,186.24001,172.38,185.62,NaN,NaN
1277127000,186.98,187.2,176.53,185.12,NaN,NaN
1277731800,184.99001,187.17,167.23,169.75999,NaN,NaN
1278423000,171.31,176.8,166.78999,175.09,NaN,NaN
1278941400,174.50999,177.71001,166.89999,167.39,NaN,NaN
1279546200,167.10001,174.22,162.7,173.42,NaN,NaN
1280151000,173.49001,174.19,164.75,169.72,NaN,NaN
1280755800,170.64,177.8,169.07001,175.49001,NaN,NaN
1281360600,175.82001,175.92999,170.14,172.39999,NaN,NaN
1281965400,172.89,182.62,172.77,178.13,NaN,NaN
1282570200,178.37,184.14,171.62,184.14,NaN,NaN
1283175000,184.09,187.71001,182.75,186.81,NaN,NaN
1283866200,186.48,189.72,182.61,185.2,NaN,NaN
1284384600,185.82001,194.11,185.03,191.67999,NaN,NaN
1284989400,192.11,199.56,189.33,197.08,NaN,NaN
1285594200,197.31,201.21001,192.02,200.25999,NaN,NaN
1286199000,199.87,207.55,195.42,204.82001,NaN,NaN
1286803800,204.7,210.82001,200.57001,206.06,NaN,NaN
1287408600,205.13,205.89,193.91,196.82001,NaN,NaN
1288013400,198.35001,205.07001,193.39999,204.3,NaN,NaN
1288618200,205.10001,217.78999,200.85001,214.91,NaN,NaN
1289226600,214.66,227.08,212.39999,216.10001,NaN,NaN
1289831400,216.39,216.87,204.60001,212.37,NaN,NaN
1290436200,211.88,215.21001,208.75,209.78999,NaN,NaN
1291041000,209.23,226.89,205.88,225.27,NaN,NaN
1291645800,225.3,232.72,219.19,223.45,NaN,NaN
1292250600,224,228.50999,216.36,219.00999,NaN,NaN
1292855400,219.5,222.25,217.47,221.25999,NaN,NaN
1293460200,220.94,227.25999,218.67,226.58,NaN,NaN
1294065000,227.5,228.85001,210.02,211.3,NaN,NaN
1294669800,211.3,216.86,204.10001,205.72,NaN,NaN
1295361000,206.56,210.27,198.14999,200.12,NaN,NaN
1295879400,199.89,204.50999,194.60001,199.71001,NaN,NaN
1296484200,199.72,210.33,197.89999,207.25,NaN,NaN
1297089000,207.8,210.61,201.91,203.73,NaN,NaN
1297693800,205.05,215.32001,205.00999,212.45,NaN,NaN
1298385000,211.46001,214.75,207.56,212.21001,NaN,NaN
1298903400,212.67999,218.67999,212.09,215.86,NaN,NaN
1299508200,216.08,218.55,200.72,206.81,NaN,NaN
1300109400,206.28999,207.59,197.28999,204.3,NaN,NaN
1300714200,205.10001,220.33,204.97,214.66,NaN,NaN
1301319000,213.97,218.46001,209.47,214.92999,NaN,NaN
1301923800,216.69,230.48,215.21001,228.95,NaN,NaN
1302528600,228.61,228.78,215.62,218.71001,NaN,NaN
1303133400,218.48,226.48,212.67999,225.78999,NaN,NaN
1303738200,226.34,226.83,215.14999,222.22,NaN,NaN
1304343000,221.71001,221.83,199.21001,202.19,NaN,NaN
1304947800,203.19,207.57001,192.48,195.25999,NaN,NaN
1305552600,195.24001,201.55,192.31,199.28999,NaN,NaN
1306157400,197.64999,209.14,195.84,208.47,NaN,NaN
1306848600,209.49001,210.97,200.14,203.27,NaN,NaN
1307367000,203.32001,204.5,192.32001,193.73,NaN,NaN
1307971800,193.44,196.61,187.17999,190.12,NaN,NaN
1308576600,189.99001,201.12,189.78,191.89,NaN,NaN
1309181400,191.09,201.67999,189.07001,199.45,NaN,NaN
1309872600,201,210.42999,200.99001,207.81,NaN,NaN
1310391000,206.72,218.38,203.74001,216.95,NaN,NaN
1310995800,217.27,221.11,215.42,220.36,NaN,NaN
1311600600,220.02,222.75999,205.49001,205.81,NaN,NaN
1312205400,205.89,211.36,190.35001,196.06,NaN,NaN
1312810200,194.74001,209.78,190.88,206.55,NaN,NaN
1313415000,206.69,215.10001,205,210.44,NaN,NaN
1314019800,211.81,218.75999,203.14999,215.94,NaN,NaN
1314624600,216.8,224.37,211.89,222.78999,NaN,NaN
1315315800,222.82001,228.98,217.82001,223.21001,NaN,NaN
1315834200,222.71001,222.71001,210.08,217.56,NaN,NaN
1316439000,216.75,223.55,185.00999,188.92,NaN,NaN
1317043800,188.64999,200.2,181.92,185,NaN,NaN
1317648600,185.39,193.69,171.27,187.44,NaN,NaN
1318253400,187.77,197.82001,187.77,197.77,NaN,NaN
1318858200,197.63,197.63,177.39999,184.87,NaN,NaN
1319463000,185.32001,209.21001,185.32001,207.98,NaN,NaN
1320067800,205.53999,209.71001,191.06,208.97,NaN,NaN
1320676200,209.2,216.78999,202.14,212.42999,NaN,NaN
1321281000,211.8,212.73,195.16,196.03999,NaN,NaN
1321885800,195.05,197.25,187.57001,187.58,NaN,NaN
1322490600,187.92999,210.11,187.92999,202.28,NaN,NaN
1323095400,202.2,206.99001,197.88,200.64,NaN,NaN
1323700200,199.25,199.28,179.92999,183.33,NaN,NaN
1324305000,183.48,186.57001,178.64,185.12,NaN,NaN
1324996200,184.13,184.61,173.96001,180.64,NaN,NaN
1325601000,180.99001,191.38,180.99001,187.17,NaN,NaN
1326119400,187.5,196.89,186.56,192.91,NaN,NaN
1326810600,194.12,194.34,186.00999,187.02,NaN,NaN
1327329000,187.56,204.25,184.23,202.67999,NaN,NaN
1327933800,201.7,204.97,198.36,200.34,NaN,NaN
1328538600,199.95,202.13,193.08,194.71001,NaN,NaN
1329143400,195.38,196.64,187.81,192.82001,NaN,NaN
1329834600,193.17999,203.87,193.17999,200.10001,NaN,NaN
1330353000,199.47,204.12,192.62,194.22,NaN,NaN
1330957800,194.03999,194.03999,182.78,186.85001,NaN,NaN
1331559000,186.21001,187.25,175.61,177.33,NaN,NaN
1332163800,177.47,180.11,172.64,177.10001,NaN,NaN
1332768600,177.7,180.87,170.52,175.46001,NaN,NaN
1333373400,175.60001,180.02,164.62,165.3,NaN,NaN
1333978200,165.25,170.96001,164.07001,167.64,NaN,NaN
1334583000,167.25,168.94,164.07001,164.12,NaN,NaN
1335187800,162.47,166.75999,157.12,165.81,NaN,NaN
1335792600,165.33,166.46001,155.21001,156.75999,NaN,NaN
1336397400,156.92,157.75999,146.98,151.25,NaN,NaN
1337002200,151.12,152,140.94,147.75999,NaN,NaN
1337607000,147.75999,159.87,146.66,157.83,NaN,NaN
1338298200,158.46001,163.84,151.28,162.71001,NaN,NaN
1338816600,162.82001,169.62,157.89,162.10001,NaN,NaN
1339421400,162.47,164.91,159.14,164.09,NaN,NaN
1340026200,163.85001,169.77,154.33,156.28999,NaN,NaN
1340631000,155.72,158.48,149.63,157.53999,NaN,NaN
1341235800,157.42999,164.08,156.11,157.41,NaN,NaN
1341840600,157.25999,158.41,143.39999,150.22,NaN,NaN
1342445400,150.25999,150.44,145.21001,147.58,NaN,NaN
1343050200,147.05,152.39999,142.14999,151.8,NaN,NaN
1343655000,151.74001,154.78999,145.86,150.33,NaN,NaN
1344259800,150.52,158.59,150.52,158.37,NaN,NaN
1344864600,158.39999,161.67999,154.03,160.00999,NaN,NaN
1345469400,159.89999,170.56,158.22,168.5,NaN,NaN
1346074200,168.53,170.14999,162.41,169.88,NaN,NaN
1346765400,169.99001,180.17999,167.53,179.28,NaN,NaN
1347283800,179.22,192.81,173.50999,191.97,NaN,NaN
1347888600,192.14999,196.72,189.39999,195.2,NaN,NaN
1348493400,194.67999,194.67999,180.88,191,NaN,NaN
1349098200,191.50999,194.99001,187.36,191.53,NaN,NaN
1349703000,190.97,191.35001,184.53999,184.89999,NaN,NaN
1350307800,184.49001,192.19,181.92999,185.8,NaN,NaN
1350912600,185.58,188.17999,179.12,182.72,NaN,NaN
1351517400,183.00999,188.41,178.88,178.96001,NaN,NaN
1352125800,179.24001,184.8,177.42,181.11,NaN,NaN
1352730600,181.36,181.89999,161.91,165.67,NaN,NaN
1353335400,166.96001,174.82001,166.96001,174.34,NaN,NaN
1353940200,173.88,174.02,165.64,170.2,NaN,NaN
1354545000,170.39999,170.75,159.57001,162.08,NaN,NaN
1355149800,162.92,168.94,162.42999,164.75,NaN,NaN
1355754600,164.82001,165.53,156.75999,160.3,NaN,NaN
1356359400,160.27,163.96001,158.98,160.62,NaN,NaN
1356964200,161.03999,169.97,159.91,162.53,NaN,NaN
1357569000,161.69,164.17,158.67999,163.36,NaN,NaN
1358173800,164.11,164.87,160.02,161.34,NaN,NaN
1358865000,161.42,164.73,150.53,150.82001,NaN,NaN
1359383400,150.83,154.71001,148.85001,151.94,NaN,NaN
1359988200,151.67,154.25999,151.24001,152.42999,NaN,NaN
1360593000,151.34,151.34,143.50999,143.89999,NaN,NaN
1361284200,143.59,143.59,134.34,136.31,NaN,NaN
1361802600,137.48,140.42999,132.72,133.28999,NaN,NaN
1362407400,133.25999,136.45,127.89,133.3,NaN,NaN
1363008600,133.63,137.36,131.63,134.46001,NaN,NaN
1363613400,134.89,138.23,133.92,136.96001,NaN,NaN
1364218200,136.55,136.77,133.19,135.75999,NaN,NaN
1364823000,135.73,135.78999,121.41,126.13,NaN,NaN
1365427800,125.96001,130.62,116.17999,116.37,NaN,NaN
1366032600,114.31,114.39,98.42,102.89,NaN,NaN
1366637400,103.53,112.41,100.92999,106.31,NaN,NaN
1367242200,106.95,109.94,104.67,107.67,NaN,NaN
1367847000,107.81,112.33,104.2,108.52,NaN,NaN
1368451800,107.66,107.66,97.41,97.49001,NaN,NaN
1369056600,97.42,105.05,97.10001,100.58,NaN,NaN
1369747800,100.56,109.55,99.28,107.36,NaN,NaN
1370266200,107.67999,110.91,104.77,105.62,NaN,NaN
1370871000,105.37,106.84,101.99001,102.56,NaN,NaN
1371475800,102.45,103.53,88.33,91.41,NaN,NaN
1372080600,90.89999,90.89999,82.28999,90.14999,NaN,NaN
1372685400,90.84,92.49001,84.47,86.44,NaN,NaN
1373290200,86.69,91.77,84.92,89.57001,NaN,NaN
1373895000,89.58,95.28,89.07001,94.82001,NaN,NaN
1374499800,96.47,103.75,96.47,100.88,NaN,NaN
1375104600,101.02,101.23,94.07001,94.19,NaN,NaN
1375709400,94.41,99.19,88.3,97.66,NaN,NaN
1376314200,98.41,112.83,98.41,109.27,NaN,NaN
1376919000,108.99001,112.12,106.28999,111.39,NaN,NaN
1377523800,112.00999,115.21001,101.47,103.44,NaN,NaN
1378215000,104.38,106.28,100.93,103.01,NaN,NaN
1378733400,103.07,103.77,93.8,95.68,NaN,NaN
1379338200,95.94,106,94.76,95.75,NaN,NaN
1379943000,95.81,97.53,92.18,93.74,NaN,NaN
1380547800,93.3,94.54,89.99,90.36,NaN,NaN
1381152600,90.93,92.23,86.15,86.75,NaN,NaN
1381757400,87.27,94.11,86.56,92.17,NaN,NaN
1382362200,92.68,100.06,92.68,99.72,NaN,NaN
1382967000,99.96,101.66,91.74,92.04,NaN,NaN
1383575400,92.42,94.86,89.56,92.49,NaN,NaN
1384180200,91.9,94.36,90.49,92.61,NaN,NaN
1384785000,92.43,92.43,85.76,86.37,NaN,NaN
1385389800,85.95,87.06,83.89,86.46,NaN,NaN
1385994600,85.87,85.87,80.65,80.8,NaN,NaN
1386599400,81.22,86.54,80.49,82.15,NaN,NaN
1387204200,82.26,84.15,79.73,80.43,NaN,NaN
1387809000,80.46,84.77,80.12,84.29,NaN,NaN
1388413800,83.88,88.14,81.66,86.63,NaN,NaN
1389018600,87.14,87.93,84.1,87.05,NaN,NaN
1389623400,87.19,92.86,86.34,92.3,NaN,NaN
1390314600,92.25,95.23,90.72,92.68,NaN,NaN
1390833000,92.24,93.36,89.19,90.71,NaN,NaN
1391437800,91.25,92.59,88.81,92.22,NaN,NaN
1392042600,92.67,103.19,92.65,101.99,NaN,NaN
1392733800,102.54,104.13,99.17,102.88,NaN,NaN
1393252200,103.31,104.34,99.01,99.55,NaN,NaN
1393857000,100.39,103.47,99.22,100.64,NaN,NaN
1394458200,100.41,107.39,99.23,106.2,NaN,NaN
1395063000,105.92,105.94,97.06,98.51,NaN,NaN
1395667800,97.81,97.81,90,93.36,NaN,NaN
1396272600,93.09,94.89,90.88,93.3,NaN,NaN
1396877400,92.98,97.04,92.09,92.55,NaN,NaN
1397482200,93.21,94.96,90.11,90.18,NaN,NaN
1398087000,90.03,93.62,88.15,93.31,NaN,NaN
1398691800,93.21,93.24,90.75,93,NaN,NaN
1399296600,93.59,94.03,88.71,89.38,NaN,NaN
1399901400,90,91.75,88.53,88.86,NaN,NaN
1400506200,89.44,89.6,87.88,88.22,NaN,NaN
1401197400,87.75,87.75,83.27,85.06,NaN,NaN
1401715800,84.84,87.1,83.52,86.7,NaN,NaN
1402320600,86.85,92.42,86.42,92.3,NaN,NaN
1402925400,92.63,99.39,90.92,98.46,NaN,NaN
1403530200,98.6,101.47,97.07,99.1,NaN,NaN
1404135000,98.69,101.9,97.81,101.48,NaN,NaN
1404739800,101.11,106.01,99.13,104.07,NaN,NaN
1405344600,102.66,102.71,98.15,101.98,NaN,NaN
1405949400,102.38,102.65,98.15,101.59,NaN,NaN
1406554200,101.2,102.74,98.47,99.49,NaN,NaN
1407159000,99.42,102.61,97.05,101.26,NaN,NaN
1407763800,101.02,104.61,100.77,101.97,NaN,NaN
1408368600,101.43,102.79,98.69,99.45,NaN,NaN
1408973400,99.22,102.3,97.97,102.27,NaN,NaN
1409664600,101.2,101.2,93.95,95.3,NaN,NaN
1410183000,94.86,94.86,91.12,91.66,NaN,NaN
1410787800,91.87,93.13,86.53,86.93,NaN,NaN
1411392600,86.48,86.48,83.31,83.92,NaN,NaN
1411997400,84.06,84.19,78.38,78.42,NaN,NaN
1412602200,78.84,82.53,75.39,77.26,NaN,NaN
1413207000,78.19,80.81,76.96,77.08,NaN,NaN
1413811800,77.75,80.14,74.67,75.93,NaN,NaN
1414416600,75.47,75.85,63.63,64.88,NaN,NaN
1415025000,65.17,69.2,61.39,69.04,NaN,NaN
1415629800,68.57,71.05,64.76,70.82,NaN,NaN
1416234600,70.59,75.27,69.54,73.77,NaN,NaN
1416839400,73.35,75.49,68.22,68.4,NaN,NaN
1417444200,69.39,73.97,69.39,70.15,NaN,NaN
1418049000,70.67,74.62,68.16,68.68,NaN,NaN
1418653800,68.01,70.52,62.94,69.36,NaN,NaN
1419258600,69.09,69.2,64.23,68.4,NaN,NaN
1419863400,68.15,70.55,66.42,70.51,NaN,NaN
1420468200,70.92,76.6,69.39,76.17,NaN,NaN
1421073000,76.49,80.25,71.73,79.52,NaN,NaN
1421764200,80.03,83.22,77.72,78.33,NaN,NaN
1422282600,77.49,82.19,75.35,79.4,NaN,NaN
1422887400,78.43,81.09,76.66,76.92,NaN,NaN
1423492200,77.3,78.84,75.1,77.12,NaN,NaN
1424183400,76.49,76.71,73.92,74.28,NaN,NaN
1424701800,73.77,77.63,73.23,76.94,NaN,NaN
1425306600,76.92,76.97,67.23,67.6,NaN,NaN
1425907800,67.94,67.96,62.48,65.58,NaN,NaN
1426512600,65.73,70.27,63.76,69.27,NaN,NaN
1427117400,69.58,71.47,66.75,67.73,NaN,NaN
1427722200,66.88,69.17,65.1,67.96,NaN,NaN
1428327000,68.87,70.82,66.98,69.27,NaN,NaN
1428931800,69.2,72.64,68.25,70.95,NaN,NaN
1429536600,70.68,71.67,69.14,69.95,NaN,NaN
1430141400,70.52,75.41,70.52,73.19,NaN,NaN
1430746200,73.89,74.84,69.88,72.47,NaN,NaN
1431351000,72.67,77.06,72.19,75.12,NaN,NaN
1431955800,75.35,75.81,71.11,71.25,NaN,NaN
1432647000,70.05,70.38,67.93,69.7,NaN,NaN
1433165400,70.1,70.92,66.99,67.72,NaN,NaN
1433770200,67.91,69.06,66.27,66.55,NaN,NaN
1434375000,66.32,68.94,65.43,66.65,NaN,NaN
1434979800,66.17,66.43,64.64,64.68,NaN,NaN
1435584600,64.77,64.98,61.09,62.65,NaN,NaN
1436189400,62.34,64.04,58.7,59.01,NaN,NaN
1436794200,58.55,59.99,54.11,54.2,NaN,NaN
1437399000,53.43,53.43,45.74,48.52,NaN,NaN
1438003800,48.2,49.77,46.34,47.57,NaN,NaN
1438608600,47.34,47.51,44.45,45.7,NaN,NaN
1439213400,45.97,52.91,45.4,49.71,NaN,NaN
1439818200,50.13,54.74,49.87,52.17,NaN,NaN
1440423000,51.75,52.81,43.59,48.82,NaN,NaN
1441027800,48.17,49.45,44.26,45.33,NaN,NaN
1441719000,45.45,46.39,42.72,45.03,NaN,NaN
1442237400,44.62,49.77,43.55,48.67,NaN,NaN
1442842200,48.33,48.54,44.48,47.27,NaN,NaN
1443447000,46.34,49.05,44.32,49.02,NaN,NaN
1444051800,49.2,56.26,49.18,56.04,NaN,NaN
1444656600,56.72,58.14,53.24,56.03,NaN,NaN
1445261400,55.7,56.69,53.36,56.3,NaN,NaN
1445866200,56.19,57.3,51.45,51.45,NaN,NaN
1446474600,51.06,52.67,45.69,46.01,NaN,NaN
1447079400,46,47.17,44.5,45.56,NaN,NaN
1447684200,45.8,47.08,43.35,44.77,NaN,NaN
1448289000,44.39,46.72,44.09,44.92,NaN,NaN
1448893800,45.17,49.96,45.15,49.95,NaN,NaN
1449498600,49.38,49.38,45.98,47.41,NaN,NaN
1450103400,47.05,47.11,43.18,44.54,NaN,NaN
1450708200,45.13,48,45.1,47.81,NaN,NaN
1451313000,47.23,47.23,44.82,45.3,NaN,NaN
1451917800,45.78,48.98,45.54,47.1,NaN,NaN
1452522600,47.23,47.54,40.83,41.42,NaN,NaN
1453213800,41.58,41.69,38.36,40.92,NaN,NaN
1453732200,41.25,46.04,41.23,45.96,NaN,NaN
1454337000,46.46,55.35,45.56,55.3,NaN,NaN
1454941800,55.8,60.76,51.85,60.64,NaN,NaN
1455633000,60.04,62.27,56.67,60.53,NaN,NaN
1456151400,59.74,65.06,59.37,61.9,NaN,NaN
1456756200,62.55,70.8,61.16,66.75,NaN,NaN
1457361000,67.51,70.46,63.36,68.09,NaN,NaN
1457962200,68.72,73.81,64.47,71.18,NaN,NaN
1458567000,70.58,72.62,65.45,67.48,NaN,NaN
1459171800,67.82,71.34,65.93,69.72,NaN,NaN
1459776600,69.56,74.52,67.47,74.02,NaN,NaN
1460381400,74.53,80.45,74.53,77.92,NaN,NaN
1460986200,78.46,85.27,77.05,80.86,NaN,NaN
1461591000,80.91,92.87,79.18,92.85,NaN,NaN
1462195800,93.28,93.66,82.7,88.53,NaN,NaN
1462800600,87.32,89.57,81.71,86.98,NaN,NaN
1463405400,88.2,92.44,80.75,85.44,NaN,NaN
1464010200,84.23,86.55,77.99,79.41,NaN,NaN
1464701400,79.01,89.23,78.62,89.06,NaN,NaN
1465219800,89.34,94.19,87.86,90.39,NaN,NaN
1465824600,91.48,94.99,87.3,90.34,NaN,NaN
1466429400,89.34,95.39,88.26,93.7,NaN,NaN
1467034200,94.45,102.81,91.61,102.5,NaN,NaN
1467725400,103.44,107.5,100.73,107.19,NaN,NaN
1468243800,106.37,109.14,105.08,107.73,NaN,NaN
1468848600,107.5,108.43,100.1,103.74,NaN,NaN
1469453400,102.74,111.07,98.65,110.28,NaN,NaN
1470058200,110.72,114.17,108.3,109.61,NaN,NaN
1470663000,109.37,114.71,109.22,111.73,NaN,NaN
1471267800,111.85,113.04,106.6,107.69,NaN,NaN
1471872600,105.59,106.64,93.87,95.8,NaN,NaN
1472477400,94.67,97.96,89.03,96.63,NaN,NaN
1473168600,98.01,101.73,92.89,93.46,NaN,NaN
1473687000,91.78,97.33,90.3,91.5,NaN,NaN
1474291800,92.37,101.76,91.47,95.76,NaN,NaN
1474896600,96.13,97.28,91.64,94,NaN,NaN
1475501400,93.91,94.73,80.08,81.32,NaN,NaN
1476106200,82.03,84.83,79.88,81.03,NaN,NaN
1476711000,81.26,88.14,81.24,86.87,NaN,NaN
1477315800,87.36,88.21,83.42,84.77,NaN,NaN
1477920600,85.08,92.16,84.21,89.12,NaN,NaN
1478529000,87.61,92.36,77.51,78.05,NaN,NaN
1479133800,77.22,83.21,75.54,79.31,NaN,NaN
1479738600,80.28,82.17,77.36,79.13,NaN,NaN
1480343400,79.95,82.81,78.17,82.3,NaN,NaN
1480948200,81.06,84,79.62,80.08,NaN,NaN
1481553000,80.81,82.45,72.66,73.41,NaN,NaN
1482157800,73.42,74.63,71.63,74.23,NaN,NaN
1482849000,75.3,84.15,74.78,78.86,NaN,NaN
1483453800,79.46,88.42,79.45,85.31,NaN,NaN
1483972200,86.22,88.79,83.97,87.04,NaN,NaN
1484663400,88.58,90.03,86.4,88.68,NaN,NaN
1485181800,89.6,93.24,87.75,89.58,NaN,NaN
1485786600,89.64,94.02,88.66,92.92,NaN,NaN
1486391400,93.8,97.2,92.85,95.42,NaN,NaN
1486996200,94.62,95.57,92.46,92.56,NaN,NaN
1487687400,91.37,92.12,88.32,88.62,NaN,NaN
1488205800,88.58,90.78,79.93,82.14,NaN,NaN
1488810600,81.55,81.55,77.62,79.8,NaN,NaN
1489411800,80.16,85.53,77.69,82.55,NaN,NaN
1490016600,82.82,85.95,82.23,83.99,NaN,NaN
1490621400,85.47,85.75,82.77,83.77,NaN,NaN
1491226200,83.8,88.19,83.74,86.12,NaN,NaN
1491831000,85.82,90.82,85.03,89.4,NaN,NaN
1492435800,89.69,90.19,85.26,86.84,NaN,NaN
1493040600,85.81,86.32,80.36,83.1,NaN,NaN
1493645400,82.56,82.96,77.46,80.28,NaN,NaN
1494250200,80.26,85.62,79.36,84.97,NaN,NaN
1494855000,85.94,88.01,83.58,85.16,NaN,NaN
1495459800,85.67,86.81,82.38,84.65,NaN,NaN
1496151000,83.88,84.3,82.3,83.22,NaN,NaN
1496669400,83.54,87.39,82.15,84.37,NaN,NaN
1497274200,84.03,85.67,79.25,79.71,NaN,NaN
1497879000,79.42,83.49,78.66,83.43,NaN,NaN
1498483800,82.53,83.8,79.96,80.78,NaN,NaN
1499088600,79.44,80.01,77.02,77.5,NaN,NaN
1499693400,77.21,81.67,76.77,80.8,NaN,NaN
1500298200,81.71,83.89,81.7,83.63,NaN,NaN
1500903000,83.8,86.74,81.72,85.56,NaN,NaN
1501507800,85.55,86.08,81.99,82.04,NaN,NaN
1502112600,82.09,84.54,81.26,84.09,NaN,NaN
1502717400,83.35,85.96,81.96,83.9,NaN,NaN
1503322200,84.35,86.52,84.32,85.82,NaN,NaN
1503927000,86.67,90.92,86.65,90.54,NaN,NaN
1504618200,91.35,93.39,90.62,91.65,NaN,NaN
1505136600,90.58,91.82,87.72,88.38,NaN,NaN
1505741400,87.58,88.56,84.38,86.06,NaN,NaN
1506346200,85.81,87.54,84.64,84.65,NaN,NaN
1506951000,84.36,87.05,84.08,86.9,NaN,NaN
1507555800,87.17,88.19,85.43,87.29,NaN,NaN
1508160600,87.5,87.94,84.64,85.01,NaN,NaN
1508765400,84.49,84.77,80.66,81.57,NaN,NaN
1509370200,81.58,82.8,80.01,80.72,NaN,NaN
1509978600,80.93,82.95,80.55,80.6,NaN,NaN
1510583400,80.65,81.16,79.52,80.88,NaN,NaN
1511188200,80.44,82.15,79.69,81.11,NaN,NaN
1511793000,81.85,81.87,78.96,79.66,NaN,NaN
1512397800,79.37,79.37,75.65,76.93,NaN,NaN
1513002600,76.97,80.53,76.45,80.23,NaN,NaN
1513607400,80.77,84.13,80.77,84.01,NaN,NaN
1514298600,84.29,86,84.22,85.27,NaN,NaN
1514903400,86.21,88.26,85.91,87.39,NaN,NaN
1515421800,87.31,89.11,84.57,89.11,NaN,NaN
1516113000,89.25,90.94,87.41,87.97,NaN,NaN
1516631400,88.22,92.94,86.94,90.31,NaN,NaN
1517236200,89.91,89.91,83.71,83.88,NaN,NaN
1517841000,83.84,84.94,76.39,78.35,NaN,NaN
1518445800,78.83,86.01,78.81,83.23,NaN,NaN
1519137000,82.23,82.86,79.52,80.53,NaN,NaN
1519655400,81.17,81.54,76.8,78.75,NaN,NaN
1520260200,78.46,81.6,77.86,78.9,NaN,NaN
1520861400,78.62,80.49,78.12,78.7,NaN,NaN
1521466200,78.65,82.3,77.59,81.5,NaN,NaN
1522071000,81.99,82.77,79.32,81.12,NaN,NaN
1522675800,81.79,82.69,80.16,81.54,NaN,NaN
1523280600,81.48,84.69,80.31,84.08,NaN,NaN
1523885400,84.37,86.1,83.43,85.12,NaN,NaN
1524490200,83.99,84.09,81.98,82.93,NaN,NaN
1525095000,81.89,83.32,80.19,82.4,NaN,NaN
1525699800,82.26,84.54,81.08,83.86,NaN,NaN
1526304600,84.03,84.18,81.09,82.06,NaN,NaN
1526909400,81.83,84.49,81.32,83.48,NaN,NaN
1527600600,82.43,84.2,82.35,83.04,NaN,NaN
1528119000,83.46,83.76,82.15,82.93,NaN,NaN
1528723800,82.73,84.72,82.25,82.58,NaN,NaN
1529328600,82.25,82.61,80.75,82,NaN,NaN
1529933400,81.54,82.03,79.31,81.59,NaN,NaN
1530538200,80.84,83.96,80.62,83.75,NaN,NaN
1531143000,84.58,84.79,80.32,80.43,NaN,NaN
1531747800,80.35,80.71,78.81,79.57,NaN,NaN
1532352600,79.02,79.52,76.68,76.79,NaN,NaN
1532957400,76.86,77.8,75.13,76.09,NaN,NaN
1533562200,75.49,75.96,73.77,73.87,NaN,NaN
1534167000,73.49,73.52,64.24,65.92,NaN,NaN
1534771800,66.37,68.43,65.06,67.68,NaN,NaN
1535376600,67.93,69.58,66,66.24,NaN,NaN
1536067800,65.33,65.33,61.97,63.04,NaN,NaN
1536586200,63.03,65.15,60.59,63.36,NaN,NaN
1537191000,63.71,67.59,63.39,66.03,NaN,NaN
1537795800,66.52,67.85,63.8,65.18,NaN,NaN
1538400600,65.09,67.57,64.82,65.49,NaN,NaN
1539005400,64.51,70.42,63.76,69.28,NaN,NaN
1539610200,70.03,71.64,69.23,70.09,NaN,NaN
1540215000,69.83,71.09,64.66,65.17,NaN,NaN
1540819800,65.21,67.65,63.77,67.19,NaN,NaN
1541428200,67.28,68.21,63.32,64.16,NaN,NaN
1542033000,63.74,66.51,61.35,66.08,NaN,NaN
1542637800,65.99,67.56,63.9,65.27,NaN,NaN
1543242600,65.54,66.42,62.97,64.46,NaN,NaN
1543847400,65.36,68.45,64.89,67.94,NaN,NaN
1544452200,67.73,69.03,66.8,67.59,NaN,NaN
1545057000,67.85,72.22,66.59,68.67,NaN,NaN
1545661800,69.29,71.5,69.06,69.68,NaN,NaN
1546266600,69.87,72.39,68.92,71.87,NaN,NaN
1546871400,72.34,72.85,70.23,71.71,NaN,NaN
1547476200,72.12,72.19,68.13,68.38,NaN,NaN
1548167400,68.55,71.28,67.91,71.17,NaN,NaN
1548685800,71.32,76.32,71.21,75.91,NaN,NaN
1549290600,75.09,76.6,74.48,75.75,NaN,NaN
1549895400,75.07,75.65,73.41,75.64,NaN,NaN
1550586600,76.17,80.76,76.14,78.61,NaN,NaN
1551105000,78.5,78.94,73.96,74.04,NaN,NaN
1551709800,73.65,76.06,72.66,76.02,NaN,NaN
1552311000,75.84,78,74.35,76.05,NaN,NaN
1552915800,76.15,77.98,73.93,77.38,NaN,NaN
1553520600,77.68,79.89,75.98,76.36,NaN,NaN
1554125400,76.62,77.14,74.45,76.84,NaN,NaN
1554730200,77.68,78.14,75.41,75.78,NaN,NaN
1555335000,75.24,76.11,72.37,72.89,NaN,NaN
1555939800,72.98,72.98,70.46,72.65,NaN,NaN
1556544600,72.29,72.3,68.05,68.79,NaN,NaN
1557149400,68.64,70.55,67.16,67.29,NaN,NaN
1557754200,68.11,68.9,66.68,67.49,NaN,NaN
1558359000,67.48,67.91,65.85,66.56,NaN,NaN
1559050200,66.31,70.34,65.88,70.02,NaN,NaN
1559568600,70.92,75.54,70.83,74.33,NaN,NaN
1560173400,73.47,77.2,72.57,75.81,NaN,NaN
1560778200,75.83,82.51,75.4,82.14,NaN,NaN
1561383000,82.88,85.93,82.12,84.13,NaN,NaN
1561987800,82.81,84.33,80.64,83.18,NaN,NaN
1562592600,83.48,86.13,82.31,85.8,NaN,NaN
1563197400,85.96,93.27,85.19,91.66,NaN,NaN
1563802200,91.99,92.98,90.08,90.65,NaN,NaN
1564407000,90.95,92.84,86.01,90.82,NaN,NaN
1565011800,91.98,98.78,91.97,95.78,NaN,NaN
1565616600,96.31,97.18,90.56,92.84,NaN,NaN
1566221400,91.92,98.06,90.61,97.78,NaN,NaN
1566826200,98.22,102.29,96.94,98.98,NaN,NaN
1567517400,99.71,101.96,94.24,94.26,NaN,NaN
1568035800,94.6,95.96,89.41,89.49,NaN,NaN
1568640600,90.61,94.82,89.14,94.6,NaN,NaN
1569245400,95.2,97.9,90.54,91.07,NaN,NaN
1569850200,89.81,91.37,87.48,91.11,NaN,NaN
1570455000,90.34,92.58,88.87,88.92,NaN,NaN
1571059800,89.04,91.13,86.84,90.53,NaN,NaN
1571664600,91.05,94.48,87.84,93.54,NaN,NaN
1572269400,92.58,95.94,90.54,95.94,NaN,NaN
1572877800,95.51,95.98,91.03,91.69,NaN,NaN
1573482600,91.6,94.43,90.72,93.61,NaN,NaN
1574087400,93.43,96.38,93.26,93.66,NaN,NaN
1574692200,93.22,95.69,92.71,95.52,NaN,NaN
1575297000,95.29,99.02,94.94,95.9,NaN,NaN
1575901800,96.61,100.97,95.74,100.28,NaN,NaN
1576506600,100.49,100.8,97.55,97.56,NaN,NaN
1577111400,98.16,107.12,98.13,105.13,NaN,NaN
1577716200,105.34,108.35,105.03,105.41,NaN,NaN
1578321000,106.46,107.12,100.62,102.25,NaN,NaN
1578925800,101.8,103.64,99.42,101.84,NaN,NaN
1579617000,101.46,104.94,100.91,104.82,NaN,NaN
1580135400,106.1,106.37,100.42,103.94,NaN,NaN
1580740200,103.29,103.95,100.35,101.33,NaN,NaN
1581345000,101.87,103.97,101.26,102.01,NaN,NaN
1582036200,102.56,111.34,102.49,111.06,NaN,NaN
1582554600,112.93,113.73,90.11,94.15,NaN,NaN
1583159400,95.27,105.21,94.84,103.01,NaN,NaN
1583760600,100.4,100.63,69.65,70.26,NaN,NaN
1584365400,68.19,86.55,62.72,70.12,NaN,NaN
1584970200,72.91,93.26,70.78,81.81,NaN,NaN
1585575000,82.65,87.31,77.88,84.36,NaN,NaN
1586179800,87.66,98.57,86.53,98.22,NaN,NaN
1586784600,98.59,111.48,95.06,104.28,NaN,NaN
1587389400,104.47,120.28,102.18,117.55,NaN,NaN
1587994200,118.13,119.62,110.37,117.36,NaN,NaN
1588599000,118.8,124.31,117.29,122.09,NaN,NaN
1589203800,121.51,126.96,115.46,126.61,NaN,NaN
1589808600,129.33,131.01,121.51,124.24,NaN,NaN
1590499800,123.13,123.13,114.09,120.1,NaN,NaN
1591018200,121.07,123.69,110.91,114.87,NaN,NaN
1591623000,114.82,123,113.2,114.48,NaN,NaN
1592227800,110.64,118.39,109.15,116.75,NaN,NaN
1592832600,119.79,125.55,119.14,122.91,NaN,NaN
1593437400,123.87,130.37,122.4,127.06,NaN,NaN
1594042200,129.06,138.75,128.01,135.9,NaN,NaN
1594647000,138.02,140.28,130.68,140.16,NaN,NaN
1595251800,141.91,151.26,141.85,150.69,NaN,NaN
1595856600,154.88,160.56,147.92,154.53,NaN,NaN
1596461400,154.75,165.36,150.39,154.14,NaN,NaN
1597066200,155.23,158.97,140.82,145.96,NaN,NaN
1597671000,151.16,157.53,145.76,147.51,NaN,NaN
1598275800,149.42,153.69,142.47,152.85,NaN,NaN
1598880600,153.61,156.8982,144.0324,149.5784,NaN,NaN
1599571800,145.4024,157.0007,143.1976,150.34,NaN,NaN
1600090200,152.1147,159.2576,150.4065,151.5123,NaN,NaN
1600695000,148.3781,149.8626,134.1794,139.9622,NaN,NaN
1601299800,141.887,146.1428,139.7857,142.8419,NaN,NaN
1601904600,143.6555,150.0191,139.7849,150.0179,NaN,NaN
1602509400,150.0537,152.2494,145.4406,147.0914,NaN,NaN
1603114200,148.2658,150.5082,143.6911,145.4557,NaN,NaN
1603719000,144.3012,146.5477,134.5559,140.3201,NaN,NaN
1604327400,142.0783,156.2095,140.7202,155.3834,NaN,NaN
1604932200,149.8012,150.0278,139.3687,143.3848,NaN,NaN
1605537000,142.6621,144.5963,134.3928,137.2039,NaN,NaN
1606141800,135.7162,136.2978,129.1487,133.7592,NaN,NaN
1606746600,132.763,141.9339,131.15,139.337,NaN,NaN
1607351400,139.108,145.0304,137.9443,138.6079,NaN,NaN
1607956200,138.5386,149.7859,135.2578,144.9043,NaN,NaN
1608561000,145.0886,147.0185,139.8387,143.7266,NaN,NaN
1609165800,146.5004,147.6608,141.6458,144.1923,NaN,NaN
1609770600,151.3241,156.4721,144.4749,147.2386,NaN,NaN
1610375400,143.5967,145.7596,137.457,137.5131,NaN,NaN
1611066600,139.604,144.0391,136.6556,140.1493,NaN,NaN
1611585000,140.9602,144.4239,130.8316,138.5889,NaN,NaN
1612189800,144.0165,149.6902,134.333,141.5205,NaN,NaN
1612794600,143.7076,146.1969,138.7067,141.7242,NaN,NaN
1613485800,140.6909,142.7701,134.4836,136.7814,NaN,NaN
1614004200,138.0025,144.2493,129.7197,130.7857,NaN,NaN
1614609000,132.8872,135.9533,128.0818,133.5832,NaN,NaN
1615213800,133.132,140.0216,131.4413,139.7329,NaN,NaN
1615815000,140.4434,145.349,138.7509,141.5706,NaN,NaN
1616419800,141.1089,142.1596,131.1374,135.8709,NaN,NaN
1617024600,134.9063,139.9412,131.0351,139.9288,NaN,NaN
1617629400,140.5839,144.7241,139.3803,143.7612,NaN,NaN
1618234200,142.9619,150.0507,140.3312,149.1587,NaN,NaN
1618839000,148.9889,151.7748,146.3919,148.5325,NaN,NaN
1619443800,148.8561,149.5146,142.0133,142.1302,NaN,NaN
1620048600,144.7904,156.7637,144.5073,156.276,NaN,NaN
1620653400,158.8179,159.606,151.1067,157.3586,NaN,NaN
1621258200,158.9309,166.7897,158.3884,163.0609,NaN,NaN
1621863000,163.1512,165.6494,161.499,163.9562,NaN,NaN
1622554200,165.6144,167.0885,159.1648,162.0619,NaN,NaN
1623072600,160.7604,162.9773,158.582,160.0913,NaN,NaN
1623677400,157.124,160.445,141.7792,141.8165,NaN,NaN
1624282200,143.1578,146.3867,141.5078,141.9852,NaN,NaN
1624887000,142.0433,143.6924,138.0125,142.9571,NaN,NaN
1625578200,144.9285,145.4078,137.1851,141.3666,NaN,NaN
1626096600,140.3149,144.1199,137.0464,137.5622,NaN,NaN
1626701400,135.1317,138.2335,132.8295,135.6362,NaN,NaN
1627306200,135.7441,138.924,135.7441,138.0905,NaN,NaN